ZONA METROPOLITANA,CONTROL,CICLO,PRIMER INGRESO
NO ES ZM,PRIVADO,2014,38740
NO ES ZM,PRIVADO,2015,46270
NO ES ZM,PRIVADO,2016,46242
NO ES ZM,PRIVADO,2017,49375
NO ES ZM,PRIVADO,2018,54427
NO ES ZM,PRIVADO,2019,56334
NO ES ZM,PRIVADO,2020,49112
NO ES ZM,PRIVADO,2021,58010
NO ES ZM,PRIVADO,2022,64935
NO ES ZM,PRIVADO,2023,58495
NO ES ZM,PRIVADO,2024,58802
NO ES ZM,PUBLICO,2014,154411
NO ES ZM,PUBLICO,2015,160038
NO ES ZM,PUBLICO,2016,164247
NO ES ZM,PUBLICO,2017,166056
NO ES ZM,PUBLICO,2018,172449
NO ES ZM,PUBLICO,2019,181920
NO ES ZM,PUBLICO,2020,163304
NO ES ZM,PUBLICO,2021,158266
NO ES ZM,PUBLICO,2022,176221
NO ES ZM,PUBLICO,2023,176561
NO ES ZM,PUBLICO,2024,182744
ZM DE ACAPULCO,PRIVADO,2014,1386
ZM DE ACAPULCO,PRIVADO,2015,2003
ZM DE ACAPULCO,PRIVADO,2016,2061
ZM DE ACAPULCO,PRIVADO,2017,1995
ZM DE ACAPULCO,PRIVADO,2018,2809
ZM DE ACAPULCO,PRIVADO,2019,2731
ZM DE ACAPULCO,PRIVADO,2020,1980
ZM DE ACAPULCO,PRIVADO,2021,2320
ZM DE ACAPULCO,PRIVADO,2022,2782
ZM DE ACAPULCO,PRIVADO,2023,2519
ZM DE ACAPULCO,PRIVADO,2024,2474
ZM DE ACAPULCO,PUBLICO,2014,4755
ZM DE ACAPULCO,PUBLICO,2015,5083
ZM DE ACAPULCO,PUBLICO,2016,4871
ZM DE ACAPULCO,PUBLICO,2017,5091
ZM DE ACAPULCO,PUBLICO,2018,5191
ZM DE ACAPULCO,PUBLICO,2019,5724
ZM DE ACAPULCO,PUBLICO,2020,5359
ZM DE ACAPULCO,PUBLICO,2021,5363
ZM DE ACAPULCO,PUBLICO,2022,5333
ZM DE ACAPULCO,PUBLICO,2023,5540
ZM DE ACAPULCO,PUBLICO,2024,5522
ZM DE ACAYUCAN,PRIVADO,2014,87
ZM DE ACAYUCAN,PRIVADO,2015,183
ZM DE ACAYUCAN,PRIVADO,2016,179
ZM DE ACAYUCAN,PRIVADO,2017,169
ZM DE ACAYUCAN,PRIVADO,2018,156
ZM DE ACAYUCAN,PRIVADO,2019,218
ZM DE ACAYUCAN,PRIVADO,2020,231
ZM DE ACAYUCAN,PRIVADO,2021,275
ZM DE ACAYUCAN,PRIVADO,2022,308
ZM DE ACAYUCAN,PRIVADO,2023,332
ZM DE ACAYUCAN,PRIVADO,2024,106
ZM DE ACAYUCAN,PUBLICO,2014,1415
ZM DE ACAYUCAN,PUBLICO,2015,1593
ZM DE ACAYUCAN,PUBLICO,2016,1474
ZM DE ACAYUCAN,PUBLICO,2017,1243
ZM DE ACAYUCAN,PUBLICO,2018,1177
ZM DE ACAYUCAN,PUBLICO,2019,1112
ZM DE ACAYUCAN,PUBLICO,2020,1012
ZM DE ACAYUCAN,PUBLICO,2021,921
ZM DE ACAYUCAN,PUBLICO,2022,1049
ZM DE ACAYUCAN,PUBLICO,2023,835
ZM DE ACAYUCAN,PUBLICO,2024,764
ZM DE AGUASCALIENTES,PRIVADO,2014,4928
ZM DE AGUASCALIENTES,PRIVADO,2015,4941
ZM DE AGUASCALIENTES,PRIVADO,2016,5372
ZM DE AGUASCALIENTES,PRIVADO,2017,6215
ZM DE AGUASCALIENTES,PRIVADO,2018,8004
ZM DE AGUASCALIENTES,PRIVADO,2019,7813
ZM DE AGUASCALIENTES,PRIVADO,2020,6937
ZM DE AGUASCALIENTES,PRIVADO,2021,9874
ZM DE AGUASCALIENTES,PRIVADO,2022,8610
ZM DE AGUASCALIENTES,PRIVADO,2023,8446
ZM DE AGUASCALIENTES,PRIVADO,2024,8836
ZM DE AGUASCALIENTES,PUBLICO,2014,7289
ZM DE AGUASCALIENTES,PUBLICO,2015,7455
ZM DE AGUASCALIENTES,PUBLICO,2016,7834
ZM DE AGUASCALIENTES,PUBLICO,2017,7970
ZM DE AGUASCALIENTES,PUBLICO,2018,8184
ZM DE AGUASCALIENTES,PUBLICO,2019,7747
ZM DE AGUASCALIENTES,PUBLICO,2020,7646
ZM DE AGUASCALIENTES,PUBLICO,2021,7559
ZM DE AGUASCALIENTES,PUBLICO,2022,7432
ZM DE AGUASCALIENTES,PUBLICO,2023,8218
ZM DE AGUASCALIENTES,PUBLICO,2024,8983
ZM DE CAMPECHE,PRIVADO,2014,919
ZM DE CAMPECHE,PRIVADO,2015,1067
ZM DE CAMPECHE,PRIVADO,2016,1051
ZM DE CAMPECHE,PRIVADO,2017,997
ZM DE CAMPECHE,PRIVADO,2018,1739
ZM DE CAMPECHE,PRIVADO,2019,1953
ZM DE CAMPECHE,PRIVADO,2020,1869
ZM DE CAMPECHE,PRIVADO,2021,1947
ZM DE CAMPECHE,PRIVADO,2022,2801
ZM DE CAMPECHE,PRIVADO,2023,2528
ZM DE CAMPECHE,PRIVADO,2024,2458
ZM DE CAMPECHE,PUBLICO,2014,3018
ZM DE CAMPECHE,PUBLICO,2015,2977
ZM DE CAMPECHE,PUBLICO,2016,3193
ZM DE CAMPECHE,PUBLICO,2017,3116
ZM DE CAMPECHE,PUBLICO,2018,3044
ZM DE CAMPECHE,PUBLICO,2019,3074
ZM DE CAMPECHE,PUBLICO,2020,3374
ZM DE CAMPECHE,PUBLICO,2021,3171
ZM DE CAMPECHE,PUBLICO,2022,2937
ZM DE CAMPECHE,PUBLICO,2023,3082
ZM DE CAMPECHE,PUBLICO,2024,3139
ZM DE CANCUN,PRIVADO,2014,2986
ZM DE CANCUN,PRIVADO,2015,3196
ZM DE CANCUN,PRIVADO,2016,3716
ZM DE CANCUN,PRIVADO,2017,4407
ZM DE CANCUN,PRIVADO,2018,4922
ZM DE CANCUN,PRIVADO,2019,5590
ZM DE CANCUN,PRIVADO,2020,4678
ZM DE CANCUN,PRIVADO,2021,5263
ZM DE CANCUN,PRIVADO,2022,4689
ZM DE CANCUN,PRIVADO,2023,4515
ZM DE CANCUN,PRIVADO,2024,4937
ZM DE CANCUN,PUBLICO,2014,3288
ZM DE CANCUN,PUBLICO,2015,3745
ZM DE CANCUN,PUBLICO,2016,3473
ZM DE CANCUN,PUBLICO,2017,3358
ZM DE CANCUN,PUBLICO,2018,3247
ZM DE CANCUN,PUBLICO,2019,3803
ZM DE CANCUN,PUBLICO,2020,3921
ZM DE CANCUN,PUBLICO,2021,4130
ZM DE CANCUN,PUBLICO,2022,4330
ZM DE CANCUN,PUBLICO,2023,4449
ZM DE CANCUN,PUBLICO,2024,4777
ZM DE CELAYA,PRIVADO,2014,2614
ZM DE CELAYA,PRIVADO,2015,3621
ZM DE CELAYA,PRIVADO,2016,3016
ZM DE CELAYA,PRIVADO,2017,2976
ZM DE CELAYA,PRIVADO,2018,3748
ZM DE CELAYA,PRIVADO,2019,3500
ZM DE CELAYA,PRIVADO,2020,2837
ZM DE CELAYA,PRIVADO,2021,2787
ZM DE CELAYA,PRIVADO,2022,3741
ZM DE CELAYA,PRIVADO,2023,3618
ZM DE CELAYA,PRIVADO,2024,3375
ZM DE CELAYA,PUBLICO,2014,3922
ZM DE CELAYA,PUBLICO,2015,4024
ZM DE CELAYA,PUBLICO,2016,4520
ZM DE CELAYA,PUBLICO,2017,4399
ZM DE CELAYA,PUBLICO,2018,5632
ZM DE CELAYA,PUBLICO,2019,5404
ZM DE CELAYA,PUBLICO,2020,5640
ZM DE CELAYA,PUBLICO,2021,4917
ZM DE CELAYA,PUBLICO,2022,4968
ZM DE CELAYA,PUBLICO,2023,4768
ZM DE CELAYA,PUBLICO,2024,5232
ZM DE CHETUMAL,PRIVADO,2014,367
ZM DE CHETUMAL,PRIVADO,2015,488
ZM DE CHETUMAL,PRIVADO,2016,870
ZM DE CHETUMAL,PRIVADO,2017,1009
ZM DE CHETUMAL,PRIVADO,2018,1234
ZM DE CHETUMAL,PRIVADO,2019,1447
ZM DE CHETUMAL,PRIVADO,2020,1029
ZM DE CHETUMAL,PRIVADO,2021,1000
ZM DE CHETUMAL,PRIVADO,2022,954
ZM DE CHETUMAL,PRIVADO,2023,791
ZM DE CHETUMAL,PRIVADO,2024,976
ZM DE CHETUMAL,PUBLICO,2014,2076
ZM DE CHETUMAL,PUBLICO,2015,2253
ZM DE CHETUMAL,PUBLICO,2016,2434
ZM DE CHETUMAL,PUBLICO,2017,2151
ZM DE CHETUMAL,PUBLICO,2018,1949
ZM DE CHETUMAL,PUBLICO,2019,2279
ZM DE CHETUMAL,PUBLICO,2020,2324
ZM DE CHETUMAL,PUBLICO,2021,2230
ZM DE CHETUMAL,PUBLICO,2022,2358
ZM DE CHETUMAL,PUBLICO,2023,2226
ZM DE CHETUMAL,PUBLICO,2024,2502
ZM DE CHIHUAHUA,PRIVADO,2014,1879
ZM DE CHIHUAHUA,PRIVADO,2015,2340
ZM DE CHIHUAHUA,PRIVADO,2016,2621
ZM DE CHIHUAHUA,PRIVADO,2017,2938
ZM DE CHIHUAHUA,PRIVADO,2018,2445
ZM DE CHIHUAHUA,PRIVADO,2019,2808
ZM DE CHIHUAHUA,PRIVADO,2020,2858
ZM DE CHIHUAHUA,PRIVADO,2021,3850
ZM DE CHIHUAHUA,PRIVADO,2022,3664
ZM DE CHIHUAHUA,PRIVADO,2023,3905
ZM DE CHIHUAHUA,PRIVADO,2024,5416
ZM DE CHIHUAHUA,PUBLICO,2014,8618
ZM DE CHIHUAHUA,PUBLICO,2015,9699
ZM DE CHIHUAHUA,PUBLICO,2016,9330
ZM DE CHIHUAHUA,PUBLICO,2017,8848
ZM DE CHIHUAHUA,PUBLICO,2018,8850
ZM DE CHIHUAHUA,PUBLICO,2019,9407
ZM DE CHIHUAHUA,PUBLICO,2020,9090
ZM DE CHIHUAHUA,PUBLICO,2021,8655
ZM DE CHIHUAHUA,PUBLICO,2022,8457
ZM DE CHIHUAHUA,PUBLICO,2023,8096
ZM DE CHIHUAHUA,PUBLICO,2024,8228
ZM DE CHILPANCINGO,PRIVADO,2014,594
ZM DE CHILPANCINGO,PRIVADO,2015,556
ZM DE CHILPANCINGO,PRIVADO,2016,375
ZM DE CHILPANCINGO,PRIVADO,2017,595
ZM DE CHILPANCINGO,PRIVADO,2018,1103
ZM DE CHILPANCINGO,PRIVADO,2019,1221
ZM DE CHILPANCINGO,PRIVADO,2020,611
ZM DE CHILPANCINGO,PRIVADO,2021,853
ZM DE CHILPANCINGO,PRIVADO,2022,887
ZM DE CHILPANCINGO,PRIVADO,2023,1357
ZM DE CHILPANCINGO,PRIVADO,2024,1577
ZM DE CHILPANCINGO,PUBLICO,2014,4361
ZM DE CHILPANCINGO,PUBLICO,2015,3947
ZM DE CHILPANCINGO,PUBLICO,2016,3728
ZM DE CHILPANCINGO,PUBLICO,2017,4151
ZM DE CHILPANCINGO,PUBLICO,2018,4039
ZM DE CHILPANCINGO,PUBLICO,2019,4151
ZM DE CHILPANCINGO,PUBLICO,2020,3909
ZM DE CHILPANCINGO,PUBLICO,2021,3898
ZM DE CHILPANCINGO,PUBLICO,2022,3616
ZM DE CHILPANCINGO,PUBLICO,2023,3866
ZM DE CHILPANCINGO,PUBLICO,2024,3770
ZM DE CIUDAD VICTORIA,PRIVADO,2014,949
ZM DE CIUDAD VICTORIA,PRIVADO,2015,908
ZM DE CIUDAD VICTORIA,PRIVADO,2016,871
ZM DE CIUDAD VICTORIA,PRIVADO,2017,1442
ZM DE CIUDAD VICTORIA,PRIVADO,2018,1533
ZM DE CIUDAD VICTORIA,PRIVADO,2019,2029
ZM DE CIUDAD VICTORIA,PRIVADO,2020,1695
ZM DE CIUDAD VICTORIA,PRIVADO,2021,1656
ZM DE CIUDAD VICTORIA,PRIVADO,2022,2007
ZM DE CIUDAD VICTORIA,PRIVADO,2023,2106
ZM DE CIUDAD VICTORIA,PRIVADO,2024,2231
ZM DE CIUDAD VICTORIA,PUBLICO,2014,3539
ZM DE CIUDAD VICTORIA,PUBLICO,2015,3601
ZM DE CIUDAD VICTORIA,PUBLICO,2016,3493
ZM DE CIUDAD VICTORIA,PUBLICO,2017,3679
ZM DE CIUDAD VICTORIA,PUBLICO,2018,3873
ZM DE CIUDAD VICTORIA,PUBLICO,2019,4284
ZM DE CIUDAD VICTORIA,PUBLICO,2020,3491
ZM DE CIUDAD VICTORIA,PUBLICO,2021,3303
ZM DE CIUDAD VICTORIA,PUBLICO,2022,3598
ZM DE CIUDAD VICTORIA,PUBLICO,2023,3568
ZM DE CIUDAD VICTORIA,PUBLICO,2024,3968
ZM DE COATZACOALCOS,PRIVADO,2014,2360
ZM DE COATZACOALCOS,PRIVADO,2015,2506
ZM DE COATZACOALCOS,PRIVADO,2016,2443
ZM DE COATZACOALCOS,PRIVADO,2017,2675
ZM DE COATZACOALCOS,PRIVADO,2018,2420
ZM DE COATZACOALCOS,PRIVADO,2019,2350
ZM DE COATZACOALCOS,PRIVADO,2020,1510
ZM DE COATZACOALCOS,PRIVADO,2021,3749
ZM DE COATZACOALCOS,PRIVADO,2022,1854
ZM DE COATZACOALCOS,PRIVADO,2023,1931
ZM DE COATZACOALCOS,PRIVADO,2024,1885
ZM DE COATZACOALCOS,PUBLICO,2014,3805
ZM DE COATZACOALCOS,PUBLICO,2015,3909
ZM DE COATZACOALCOS,PUBLICO,2016,3902
ZM DE COATZACOALCOS,PUBLICO,2017,3153
ZM DE COATZACOALCOS,PUBLICO,2018,3187
ZM DE COATZACOALCOS,PUBLICO,2019,3549
ZM DE COATZACOALCOS,PUBLICO,2020,2966
ZM DE COATZACOALCOS,PUBLICO,2021,3105
ZM DE COATZACOALCOS,PUBLICO,2022,3506
ZM DE COATZACOALCOS,PUBLICO,2023,3203
ZM DE COATZACOALCOS,PUBLICO,2024,3298
ZM DE COLIMA-VILLA DE ALVAREZ,PRIVADO,2014,1787
ZM DE COLIMA-VILLA DE ALVAREZ,PRIVADO,2015,1965
ZM DE COLIMA-VILLA DE ALVAREZ,PRIVADO,2016,1852
ZM DE COLIMA-VILLA DE ALVAREZ,PRIVADO,2017,1809
ZM DE COLIMA-VILLA DE ALVAREZ,PRIVADO,2018,1814
ZM DE COLIMA-VILLA DE ALVAREZ,PRIVADO,2019,2069
ZM DE COLIMA-VILLA DE ALVAREZ,PRIVADO,2020,1541
ZM DE COLIMA-VILLA DE ALVAREZ,PRIVADO,2021,1875
ZM DE COLIMA-VILLA DE ALVAREZ,PRIVADO,2022,1847
ZM DE COLIMA-VILLA DE ALVAREZ,PRIVADO,2023,1790
ZM DE COLIMA-VILLA DE ALVAREZ,PRIVADO,2024,1936
ZM DE COLIMA-VILLA DE ALVAREZ,PUBLICO,2014,3931
ZM DE COLIMA-VILLA DE ALVAREZ,PUBLICO,2015,3882
ZM DE COLIMA-VILLA DE ALVAREZ,PUBLICO,2016,3663
ZM DE COLIMA-VILLA DE ALVAREZ,PUBLICO,2017,3578
ZM DE COLIMA-VILLA DE ALVAREZ,PUBLICO,2018,3728
ZM DE COLIMA-VILLA DE ALVAREZ,PUBLICO,2019,3896
ZM DE COLIMA-VILLA DE ALVAREZ,PUBLICO,2020,3911
ZM DE COLIMA-VILLA DE ALVAREZ,PUBLICO,2021,3843
ZM DE COLIMA-VILLA DE ALVAREZ,PUBLICO,2022,3892
ZM DE COLIMA-VILLA DE ALVAREZ,PUBLICO,2023,3753
ZM DE COLIMA-VILLA DE ALVAREZ,PUBLICO,2024,3879
ZM DE CORDOBA,PRIVADO,2014,938
ZM DE CORDOBA,PRIVADO,2015,1046
ZM DE CORDOBA,PRIVADO,2016,1106
ZM DE CORDOBA,PRIVADO,2017,1042
ZM DE CORDOBA,PRIVADO,2018,1166
ZM DE CORDOBA,PRIVADO,2019,1060
ZM DE CORDOBA,PRIVADO,2020,826
ZM DE CORDOBA,PRIVADO,2021,1069
ZM DE CORDOBA,PRIVADO,2022,1507
ZM DE CORDOBA,PRIVADO,2023,1397
ZM DE CORDOBA,PRIVADO,2024,1597
ZM DE CORDOBA,PUBLICO,2014,376
ZM DE CORDOBA,PUBLICO,2015,364
ZM DE CORDOBA,PUBLICO,2016,421
ZM DE CORDOBA,PUBLICO,2017,437
ZM DE CORDOBA,PUBLICO,2018,459
ZM DE CORDOBA,PUBLICO,2019,573
ZM DE CORDOBA,PUBLICO,2020,472
ZM DE CORDOBA,PUBLICO,2021,423
ZM DE CORDOBA,PUBLICO,2022,475
ZM DE CORDOBA,PUBLICO,2023,484
ZM DE CORDOBA,PUBLICO,2024,450
ZM DE CUAUTLA,PRIVADO,2014,1211
ZM DE CUAUTLA,PRIVADO,2015,1227
ZM DE CUAUTLA,PRIVADO,2016,1417
ZM DE CUAUTLA,PRIVADO,2017,1514
ZM DE CUAUTLA,PRIVADO,2018,1878
ZM DE CUAUTLA,PRIVADO,2019,1865
ZM DE CUAUTLA,PRIVADO,2020,1877
ZM DE CUAUTLA,PRIVADO,2021,2203
ZM DE CUAUTLA,PRIVADO,2022,2831
ZM DE CUAUTLA,PRIVADO,2023,3327
ZM DE CUAUTLA,PRIVADO,2024,3660
ZM DE CUAUTLA,PUBLICO,2014,1113
ZM DE CUAUTLA,PUBLICO,2015,1132
ZM DE CUAUTLA,PUBLICO,2016,1635
ZM DE CUAUTLA,PUBLICO,2017,1656
ZM DE CUAUTLA,PUBLICO,2018,1752
ZM DE CUAUTLA,PUBLICO,2019,1873
ZM DE CUAUTLA,PUBLICO,2020,1544
ZM DE CUAUTLA,PUBLICO,2021,1399
ZM DE CUAUTLA,PUBLICO,2022,1719
ZM DE CUAUTLA,PUBLICO,2023,1746
ZM DE CUAUTLA,PUBLICO,2024,1814
ZM DE CUERNAVACA,PRIVADO,2014,4046
ZM DE CUERNAVACA,PRIVADO,2015,4323
ZM DE CUERNAVACA,PRIVADO,2016,4454
ZM DE CUERNAVACA,PRIVADO,2017,3946
ZM DE CUERNAVACA,PRIVADO,2018,5086
ZM DE CUERNAVACA,PRIVADO,2019,5972
ZM DE CUERNAVACA,PRIVADO,2020,4275
ZM DE CUERNAVACA,PRIVADO,2021,4090
ZM DE CUERNAVACA,PRIVADO,2022,4471
ZM DE CUERNAVACA,PRIVADO,2023,4943
ZM DE CUERNAVACA,PRIVADO,2024,4651
ZM DE CUERNAVACA,PUBLICO,2014,5655
ZM DE CUERNAVACA,PUBLICO,2015,5434
ZM DE CUERNAVACA,PUBLICO,2016,5720
ZM DE CUERNAVACA,PUBLICO,2017,5833
ZM DE CUERNAVACA,PUBLICO,2018,5731
ZM DE CUERNAVACA,PUBLICO,2019,5642
ZM DE CUERNAVACA,PUBLICO,2020,5607
ZM DE CUERNAVACA,PUBLICO,2021,5410
ZM DE CUERNAVACA,PUBLICO,2022,5649
ZM DE CUERNAVACA,PUBLICO,2023,5727
ZM DE CUERNAVACA,PUBLICO,2024,5759
ZM DE CULIACAN,PRIVADO,2014,1867
ZM DE CULIACAN,PRIVADO,2015,1997
ZM DE CULIACAN,PRIVADO,2016,2142
ZM DE CULIACAN,PRIVADO,2017,1944
ZM DE CULIACAN,PRIVADO,2018,2421
ZM DE CULIACAN,PRIVADO,2019,3182
ZM DE CULIACAN,PRIVADO,2020,3426
ZM DE CULIACAN,PRIVADO,2021,3345
ZM DE CULIACAN,PRIVADO,2022,3717
ZM DE CULIACAN,PRIVADO,2023,4307
ZM DE CULIACAN,PRIVADO,2024,3676
ZM DE CULIACAN,PUBLICO,2014,16848
ZM DE CULIACAN,PUBLICO,2015,16962
ZM DE CULIACAN,PUBLICO,2016,17627
ZM DE CULIACAN,PUBLICO,2017,18029
ZM DE CULIACAN,PUBLICO,2018,17561
ZM DE CULIACAN,PUBLICO,2019,16725
ZM DE CULIACAN,PUBLICO,2020,17092
ZM DE CULIACAN,PUBLICO,2021,15290
ZM DE CULIACAN,PUBLICO,2022,18497
ZM DE CULIACAN,PUBLICO,2023,17428
ZM DE CULIACAN,PUBLICO,2024,20717
ZM DE DELICIAS,PRIVADO,2014,132
ZM DE DELICIAS,PRIVADO,2015,141
ZM DE DELICIAS,PRIVADO,2016,162
ZM DE DELICIAS,PRIVADO,2017,159
ZM DE DELICIAS,PRIVADO,2018,295
ZM DE DELICIAS,PRIVADO,2019,332
ZM DE DELICIAS,PRIVADO,2020,328
ZM DE DELICIAS,PRIVADO,2021,366
ZM DE DELICIAS,PRIVADO,2022,412
ZM DE DELICIAS,PRIVADO,2023,220
ZM DE DELICIAS,PRIVADO,2024,130
ZM DE DELICIAS,PUBLICO,2014,584
ZM DE DELICIAS,PUBLICO,2015,791
ZM DE DELICIAS,PUBLICO,2016,861
ZM DE DELICIAS,PUBLICO,2017,747
ZM DE DELICIAS,PUBLICO,2018,873
ZM DE DELICIAS,PUBLICO,2019,825
ZM DE DELICIAS,PUBLICO,2020,836
ZM DE DELICIAS,PUBLICO,2021,701
ZM DE DELICIAS,PUBLICO,2022,908
ZM DE DELICIAS,PUBLICO,2023,917
ZM DE DELICIAS,PUBLICO,2024,1062
ZM DE DURANGO,PRIVADO,2014,1475
ZM DE DURANGO,PRIVADO,2015,1756
ZM DE DURANGO,PRIVADO,2016,1965
ZM DE DURANGO,PRIVADO,2017,2245
ZM DE DURANGO,PRIVADO,2018,2176
ZM DE DURANGO,PRIVADO,2019,2213
ZM DE DURANGO,PRIVADO,2020,2652
ZM DE DURANGO,PRIVADO,2021,2562
ZM DE DURANGO,PRIVADO,2022,3652
ZM DE DURANGO,PRIVADO,2023,3901
ZM DE DURANGO,PRIVADO,2024,3292
ZM DE DURANGO,PUBLICO,2014,4510
ZM DE DURANGO,PUBLICO,2015,4705
ZM DE DURANGO,PUBLICO,2016,4693
ZM DE DURANGO,PUBLICO,2017,4825
ZM DE DURANGO,PUBLICO,2018,5017
ZM DE DURANGO,PUBLICO,2019,5209
ZM DE DURANGO,PUBLICO,2020,5355
ZM DE DURANGO,PUBLICO,2021,5112
ZM DE DURANGO,PUBLICO,2022,5393
ZM DE DURANGO,PUBLICO,2023,4890
ZM DE DURANGO,PUBLICO,2024,5282
ZM DE ENSENADA,PRIVADO,2014,816
ZM DE ENSENADA,PRIVADO,2015,1109
ZM DE ENSENADA,PRIVADO,2016,1102
ZM DE ENSENADA,PRIVADO,2017,1676
ZM DE ENSENADA,PRIVADO,2018,1747
ZM DE ENSENADA,PRIVADO,2019,2377
ZM DE ENSENADA,PRIVADO,2020,1820
ZM DE ENSENADA,PRIVADO,2021,1805
ZM DE ENSENADA,PRIVADO,2022,2222
ZM DE ENSENADA,PRIVADO,2023,2222
ZM DE ENSENADA,PRIVADO,2024,2167
ZM DE ENSENADA,PUBLICO,2014,2359
ZM DE ENSENADA,PUBLICO,2015,2314
ZM DE ENSENADA,PUBLICO,2016,2321
ZM DE ENSENADA,PUBLICO,2017,2343
ZM DE ENSENADA,PUBLICO,2018,2517
ZM DE ENSENADA,PUBLICO,2019,2740
ZM DE ENSENADA,PUBLICO,2020,2621
ZM DE ENSENADA,PUBLICO,2021,2536
ZM DE ENSENADA,PUBLICO,2022,2720
ZM DE ENSENADA,PUBLICO,2023,2959
ZM DE ENSENADA,PUBLICO,2024,2917
ZM DE GUADALAJARA,PRIVADO,2014,16820
ZM DE GUADALAJARA,PRIVADO,2015,17904
ZM DE GUADALAJARA,PRIVADO,2016,17788
ZM DE GUADALAJARA,PRIVADO,2017,20544
ZM DE GUADALAJARA,PRIVADO,2018,21452
ZM DE GUADALAJARA,PRIVADO,2019,20856
ZM DE GUADALAJARA,PRIVADO,2020,14421
ZM DE GUADALAJARA,PRIVADO,2021,18532
ZM DE GUADALAJARA,PRIVADO,2022,21346
ZM DE GUADALAJARA,PRIVADO,2023,20344
ZM DE GUADALAJARA,PRIVADO,2024,20477
ZM DE GUADALAJARA,PUBLICO,2014,15401
ZM DE GUADALAJARA,PUBLICO,2015,16098
ZM DE GUADALAJARA,PUBLICO,2016,15266
ZM DE GUADALAJARA,PUBLICO,2017,15710
ZM DE GUADALAJARA,PUBLICO,2018,16016
ZM DE GUADALAJARA,PUBLICO,2019,16590
ZM DE GUADALAJARA,PUBLICO,2020,17116
ZM DE GUADALAJARA,PUBLICO,2021,17958
ZM DE GUADALAJARA,PUBLICO,2022,17568
ZM DE GUADALAJARA,PUBLICO,2023,17846
ZM DE GUADALAJARA,PUBLICO,2024,19097
ZM DE GUANAJUATO,PRIVADO,2014,216
ZM DE GUANAJUATO,PRIVADO,2015,257
ZM DE GUANAJUATO,PRIVADO,2016,273
ZM DE GUANAJUATO,PRIVADO,2017,239
ZM DE GUANAJUATO,PRIVADO,2018,528
ZM DE GUANAJUATO,PRIVADO,2019,362
ZM DE GUANAJUATO,PRIVADO,2020,302
ZM DE GUANAJUATO,PRIVADO,2021,231
ZM DE GUANAJUATO,PRIVADO,2022,335
ZM DE GUANAJUATO,PRIVADO,2023,309
ZM DE GUANAJUATO,PRIVADO,2024,256
ZM DE GUANAJUATO,PUBLICO,2014,1913
ZM DE GUANAJUATO,PUBLICO,2015,1970
ZM DE GUANAJUATO,PUBLICO,2016,1926
ZM DE GUANAJUATO,PUBLICO,2017,2203
ZM DE GUANAJUATO,PUBLICO,2018,2161
ZM DE GUANAJUATO,PUBLICO,2019,2551
ZM DE GUANAJUATO,PUBLICO,2020,2892
ZM DE GUANAJUATO,PUBLICO,2021,2676
ZM DE GUANAJUATO,PUBLICO,2022,2481
ZM DE GUANAJUATO,PUBLICO,2023,2418
ZM DE GUANAJUATO,PUBLICO,2024,2482
ZM DE GUAYMAS,PRIVADO,2014,121
ZM DE GUAYMAS,PRIVADO,2015,558
ZM DE GUAYMAS,PRIVADO,2016,796
ZM DE GUAYMAS,PRIVADO,2017,269
ZM DE GUAYMAS,PRIVADO,2018,786
ZM DE GUAYMAS,PRIVADO,2019,865
ZM DE GUAYMAS,PRIVADO,2020,560
ZM DE GUAYMAS,PRIVADO,2021,750
ZM DE GUAYMAS,PRIVADO,2022,573
ZM DE GUAYMAS,PRIVADO,2023,560
ZM DE GUAYMAS,PRIVADO,2024,304
ZM DE GUAYMAS,PUBLICO,2014,931
ZM DE GUAYMAS,PUBLICO,2015,981
ZM DE GUAYMAS,PUBLICO,2016,987
ZM DE GUAYMAS,PUBLICO,2017,931
ZM DE GUAYMAS,PUBLICO,2018,996
ZM DE GUAYMAS,PUBLICO,2019,1331
ZM DE GUAYMAS,PUBLICO,2020,978
ZM DE GUAYMAS,PUBLICO,2021,861
ZM DE GUAYMAS,PUBLICO,2022,1241
ZM DE GUAYMAS,PUBLICO,2023,1426
ZM DE GUAYMAS,PUBLICO,2024,1505
ZM DE HERMOSILLO,PRIVADO,2014,2989
ZM DE HERMOSILLO,PRIVADO,2015,2874
ZM DE HERMOSILLO,PRIVADO,2016,3094
ZM DE HERMOSILLO,PRIVADO,2017,3456
ZM DE HERMOSILLO,PRIVADO,2018,3228
ZM DE HERMOSILLO,PRIVADO,2019,4182
ZM DE HERMOSILLO,PRIVADO,2020,4835
ZM DE HERMOSILLO,PRIVADO,2021,5090
ZM DE HERMOSILLO,PRIVADO,2022,5352
ZM DE HERMOSILLO,PRIVADO,2023,4859
ZM DE HERMOSILLO,PRIVADO,2024,5240
ZM DE HERMOSILLO,PUBLICO,2014,10761
ZM DE HERMOSILLO,PUBLICO,2015,10648
ZM DE HERMOSILLO,PUBLICO,2016,11326
ZM DE HERMOSILLO,PUBLICO,2017,11703
ZM DE HERMOSILLO,PUBLICO,2018,11794
ZM DE HERMOSILLO,PUBLICO,2019,13276
ZM DE HERMOSILLO,PUBLICO,2020,12369
ZM DE HERMOSILLO,PUBLICO,2021,10980
ZM DE HERMOSILLO,PUBLICO,2022,12331
ZM DE HERMOSILLO,PUBLICO,2023,12934
ZM DE HERMOSILLO,PUBLICO,2024,13107
ZM DE HIDALGO DEL PARRAL,PRIVADO,2014,174
ZM DE HIDALGO DEL PARRAL,PRIVADO,2015,122
ZM DE HIDALGO DEL PARRAL,PRIVADO,2016,176
ZM DE HIDALGO DEL PARRAL,PRIVADO,2017,152
ZM DE HIDALGO DEL PARRAL,PRIVADO,2018,106
ZM DE HIDALGO DEL PARRAL,PRIVADO,2019,137
ZM DE HIDALGO DEL PARRAL,PRIVADO,2020,115
ZM DE HIDALGO DEL PARRAL,PRIVADO,2021,120
ZM DE HIDALGO DEL PARRAL,PRIVADO,2022,98
ZM DE HIDALGO DEL PARRAL,PRIVADO,2023,104
ZM DE HIDALGO DEL PARRAL,PRIVADO,2024,107
ZM DE HIDALGO DEL PARRAL,PUBLICO,2014,1302
ZM DE HIDALGO DEL PARRAL,PUBLICO,2015,1776
ZM DE HIDALGO DEL PARRAL,PUBLICO,2016,1964
ZM DE HIDALGO DEL PARRAL,PUBLICO,2017,1766
ZM DE HIDALGO DEL PARRAL,PUBLICO,2018,1933
ZM DE HIDALGO DEL PARRAL,PUBLICO,2019,1984
ZM DE HIDALGO DEL PARRAL,PUBLICO,2020,1644
ZM DE HIDALGO DEL PARRAL,PUBLICO,2021,1767
ZM DE HIDALGO DEL PARRAL,PUBLICO,2022,1761
ZM DE HIDALGO DEL PARRAL,PUBLICO,2023,1589
ZM DE HIDALGO DEL PARRAL,PUBLICO,2024,1562
ZM DE JUAREZ,PRIVADO,2014,1353
ZM DE JUAREZ,PRIVADO,2015,971
ZM DE JUAREZ,PRIVADO,2016,2307
ZM DE JUAREZ,PRIVADO,2017,1650
ZM DE JUAREZ,PRIVADO,2018,2750
ZM DE JUAREZ,PRIVADO,2019,2618
ZM DE JUAREZ,PRIVADO,2020,1743
ZM DE JUAREZ,PRIVADO,2021,2285
ZM DE JUAREZ,PRIVADO,2022,2871
ZM DE JUAREZ,PRIVADO,2023,1798
ZM DE JUAREZ,PRIVADO,2024,3118
ZM DE JUAREZ,PUBLICO,2014,9841
ZM DE JUAREZ,PUBLICO,2015,10715
ZM DE JUAREZ,PUBLICO,2016,10338
ZM DE JUAREZ,PUBLICO,2017,10159
ZM DE JUAREZ,PUBLICO,2018,10509
ZM DE JUAREZ,PUBLICO,2019,10381
ZM DE JUAREZ,PUBLICO,2020,10484
ZM DE JUAREZ,PUBLICO,2021,9801
ZM DE JUAREZ,PUBLICO,2022,10483
ZM DE JUAREZ,PUBLICO,2023,10383
ZM DE JUAREZ,PUBLICO,2024,9982
ZM DE LA LAGUNA,PRIVADO,2014,3631
ZM DE LA LAGUNA,PRIVADO,2015,4120
ZM DE LA LAGUNA,PRIVADO,2016,4005
ZM DE LA LAGUNA,PRIVADO,2017,4458
ZM DE LA LAGUNA,PRIVADO,2018,5202
ZM DE LA LAGUNA,PRIVADO,2019,5270
ZM DE LA LAGUNA,PRIVADO,2020,5501
ZM DE LA LAGUNA,PRIVADO,2021,6129
ZM DE LA LAGUNA,PRIVADO,2022,6257
ZM DE LA LAGUNA,PRIVADO,2023,6514
ZM DE LA LAGUNA,PRIVADO,2024,6645
ZM DE LA LAGUNA,PUBLICO,2014,7691
ZM DE LA LAGUNA,PUBLICO,2015,7819
ZM DE LA LAGUNA,PUBLICO,2016,8025
ZM DE LA LAGUNA,PUBLICO,2017,8183
ZM DE LA LAGUNA,PUBLICO,2018,8498
ZM DE LA LAGUNA,PUBLICO,2019,9313
ZM DE LA LAGUNA,PUBLICO,2020,9329
ZM DE LA LAGUNA,PUBLICO,2021,8599
ZM DE LA LAGUNA,PUBLICO,2022,8235
ZM DE LA LAGUNA,PUBLICO,2023,8587
ZM DE LA LAGUNA,PUBLICO,2024,8596
ZM DE LA PAZ,PRIVADO,2014,906
ZM DE LA PAZ,PRIVADO,2015,872
ZM DE LA PAZ,PRIVADO,2016,866
ZM DE LA PAZ,PRIVADO,2017,808
ZM DE LA PAZ,PRIVADO,2018,1054
ZM DE LA PAZ,PRIVADO,2019,1062
ZM DE LA PAZ,PRIVADO,2020,859
ZM DE LA PAZ,PRIVADO,2021,803
ZM DE LA PAZ,PRIVADO,2022,1072
ZM DE LA PAZ,PRIVADO,2023,936
ZM DE LA PAZ,PRIVADO,2024,1170
ZM DE LA PAZ,PUBLICO,2014,2645
ZM DE LA PAZ,PUBLICO,2015,2743
ZM DE LA PAZ,PUBLICO,2016,2779
ZM DE LA PAZ,PUBLICO,2017,3503
ZM DE LA PAZ,PUBLICO,2018,3461
ZM DE LA PAZ,PUBLICO,2019,3826
ZM DE LA PAZ,PUBLICO,2020,3214
ZM DE LA PAZ,PUBLICO,2021,2993
ZM DE LA PAZ,PUBLICO,2022,3314
ZM DE LA PAZ,PUBLICO,2023,3091
ZM DE LA PAZ,PUBLICO,2024,3405
ZM DE LEON,PRIVADO,2014,8348
ZM DE LEON,PRIVADO,2015,12385
ZM DE LEON,PRIVADO,2016,9035
ZM DE LEON,PRIVADO,2017,9667
ZM DE LEON,PRIVADO,2018,12027
ZM DE LEON,PRIVADO,2019,11043
ZM DE LEON,PRIVADO,2020,8580
ZM DE LEON,PRIVADO,2021,9820
ZM DE LEON,PRIVADO,2022,13864
ZM DE LEON,PRIVADO,2023,14716
ZM DE LEON,PRIVADO,2024,13434
ZM DE LEON,PUBLICO,2014,5325
ZM DE LEON,PUBLICO,2015,4349
ZM DE LEON,PUBLICO,2016,5456
ZM DE LEON,PUBLICO,2017,5549
ZM DE LEON,PUBLICO,2018,5620
ZM DE LEON,PUBLICO,2019,7091
ZM DE LEON,PUBLICO,2020,6690
ZM DE LEON,PUBLICO,2021,6207
ZM DE LEON,PUBLICO,2022,5978
ZM DE LEON,PUBLICO,2023,6185
ZM DE LEON,PUBLICO,2024,5801
ZM DE MATAMOROS,PRIVADO,2014,1662
ZM DE MATAMOROS,PRIVADO,2015,2012
ZM DE MATAMOROS,PRIVADO,2016,2202
ZM DE MATAMOROS,PRIVADO,2017,2113
ZM DE MATAMOROS,PRIVADO,2018,2451
ZM DE MATAMOROS,PRIVADO,2019,3900
ZM DE MATAMOROS,PRIVADO,2020,3301
ZM DE MATAMOROS,PRIVADO,2021,3540
ZM DE MATAMOROS,PRIVADO,2022,3610
ZM DE MATAMOROS,PRIVADO,2023,3432
ZM DE MATAMOROS,PRIVADO,2024,3099
ZM DE MATAMOROS,PUBLICO,2014,2737
ZM DE MATAMOROS,PUBLICO,2015,2977
ZM DE MATAMOROS,PUBLICO,2016,2884
ZM DE MATAMOROS,PUBLICO,2017,3171
ZM DE MATAMOROS,PUBLICO,2018,3208
ZM DE MATAMOROS,PUBLICO,2019,3164
ZM DE MATAMOROS,PUBLICO,2020,2776
ZM DE MATAMOROS,PUBLICO,2021,2762
ZM DE MATAMOROS,PUBLICO,2022,2737
ZM DE MATAMOROS,PUBLICO,2023,3092
ZM DE MATAMOROS,PUBLICO,2024,3263
ZM DE MAZATLAN,PRIVADO,2014,1330
ZM DE MAZATLAN,PRIVADO,2015,1179
ZM DE MAZATLAN,PRIVADO,2016,1424
ZM DE MAZATLAN,PRIVADO,2017,952
ZM DE MAZATLAN,PRIVADO,2018,1215
ZM DE MAZATLAN,PRIVADO,2019,1506
ZM DE MAZATLAN,PRIVADO,2020,1313
ZM DE MAZATLAN,PRIVADO,2021,1243
ZM DE MAZATLAN,PRIVADO,2022,1390
ZM DE MAZATLAN,PRIVADO,2023,1352
ZM DE MAZATLAN,PRIVADO,2024,1446
ZM DE MAZATLAN,PUBLICO,2014,5003
ZM DE MAZATLAN,PUBLICO,2015,5544
ZM DE MAZATLAN,PUBLICO,2016,5593
ZM DE MAZATLAN,PUBLICO,2017,6316
ZM DE MAZATLAN,PUBLICO,2018,6936
ZM DE MAZATLAN,PUBLICO,2019,6477
ZM DE MAZATLAN,PUBLICO,2020,6911
ZM DE MAZATLAN,PUBLICO,2021,6161
ZM DE MAZATLAN,PUBLICO,2022,7384
ZM DE MAZATLAN,PUBLICO,2023,7167
ZM DE MAZATLAN,PUBLICO,2024,7409
ZM DE MERIDA,PRIVADO,2014,9104
ZM DE MERIDA,PRIVADO,2015,9519
ZM DE MERIDA,PRIVADO,2016,9557
ZM DE MERIDA,PRIVADO,2017,10523
ZM DE MERIDA,PRIVADO,2018,12030
ZM DE MERIDA,PRIVADO,2019,13512
ZM DE MERIDA,PRIVADO,2020,11256
ZM DE MERIDA,PRIVADO,2021,13498
ZM DE MERIDA,PRIVADO,2022,12587
ZM DE MERIDA,PRIVADO,2023,12579
ZM DE MERIDA,PRIVADO,2024,10952
ZM DE MERIDA,PUBLICO,2014,6089
ZM DE MERIDA,PUBLICO,2015,6270
ZM DE MERIDA,PUBLICO,2016,6403
ZM DE MERIDA,PUBLICO,2017,6451
ZM DE MERIDA,PUBLICO,2018,6448
ZM DE MERIDA,PUBLICO,2019,6500
ZM DE MERIDA,PUBLICO,2020,6706
ZM DE MERIDA,PUBLICO,2021,6437
ZM DE MERIDA,PUBLICO,2022,6795
ZM DE MERIDA,PUBLICO,2023,6794
ZM DE MERIDA,PUBLICO,2024,8076
ZM DE MEXICALI,PRIVADO,2014,3256
ZM DE MEXICALI,PRIVADO,2015,3622
ZM DE MEXICALI,PRIVADO,2016,3755
ZM DE MEXICALI,PRIVADO,2017,3811
ZM DE MEXICALI,PRIVADO,2018,3870
ZM DE MEXICALI,PRIVADO,2019,4487
ZM DE MEXICALI,PRIVADO,2020,3506
ZM DE MEXICALI,PRIVADO,2021,4450
ZM DE MEXICALI,PRIVADO,2022,4504
ZM DE MEXICALI,PRIVADO,2023,4187
ZM DE MEXICALI,PRIVADO,2024,4110
ZM DE MEXICALI,PUBLICO,2014,5577
ZM DE MEXICALI,PUBLICO,2015,5868
ZM DE MEXICALI,PUBLICO,2016,5665
ZM DE MEXICALI,PUBLICO,2017,5332
ZM DE MEXICALI,PUBLICO,2018,5332
ZM DE MEXICALI,PUBLICO,2019,5348
ZM DE MEXICALI,PUBLICO,2020,5340
ZM DE MEXICALI,PUBLICO,2021,5402
ZM DE MEXICALI,PUBLICO,2022,5586
ZM DE MEXICALI,PUBLICO,2023,5490
ZM DE MEXICALI,PUBLICO,2024,6218
ZM DE MINATITLAN,PRIVADO,2014,641
ZM DE MINATITLAN,PRIVADO,2015,793
ZM DE MINATITLAN,PRIVADO,2016,668
ZM DE MINATITLAN,PRIVADO,2017,681
ZM DE MINATITLAN,PRIVADO,2018,794
ZM DE MINATITLAN,PRIVADO,2019,755
ZM DE MINATITLAN,PRIVADO,2020,578
ZM DE MINATITLAN,PRIVADO,2021,619
ZM DE MINATITLAN,PRIVADO,2022,673
ZM DE MINATITLAN,PRIVADO,2023,731
ZM DE MINATITLAN,PRIVADO,2024,658
ZM DE MINATITLAN,PUBLICO,2014,1278
ZM DE MINATITLAN,PUBLICO,2015,1221
ZM DE MINATITLAN,PUBLICO,2016,1222
ZM DE MINATITLAN,PUBLICO,2017,1481
ZM DE MINATITLAN,PUBLICO,2018,1546
ZM DE MINATITLAN,PUBLICO,2019,1544
ZM DE MINATITLAN,PUBLICO,2020,1333
ZM DE MINATITLAN,PUBLICO,2021,1309
ZM DE MINATITLAN,PUBLICO,2022,1427
ZM DE MINATITLAN,PUBLICO,2023,1263
ZM DE MINATITLAN,PUBLICO,2024,1313
ZM DE MONCLOVA-FRONTERA,PRIVADO,2014,1123
ZM DE MONCLOVA-FRONTERA,PRIVADO,2015,1146
ZM DE MONCLOVA-FRONTERA,PRIVADO,2016,1387
ZM DE MONCLOVA-FRONTERA,PRIVADO,2017,1373
ZM DE MONCLOVA-FRONTERA,PRIVADO,2018,1421
ZM DE MONCLOVA-FRONTERA,PRIVADO,2019,1449
ZM DE MONCLOVA-FRONTERA,PRIVADO,2020,1488
ZM DE MONCLOVA-FRONTERA,PRIVADO,2021,1660
ZM DE MONCLOVA-FRONTERA,PRIVADO,2022,1990
ZM DE MONCLOVA-FRONTERA,PRIVADO,2023,1775
ZM DE MONCLOVA-FRONTERA,PRIVADO,2024,1910
ZM DE MONCLOVA-FRONTERA,PUBLICO,2014,2286
ZM DE MONCLOVA-FRONTERA,PUBLICO,2015,2444
ZM DE MONCLOVA-FRONTERA,PUBLICO,2016,2640
ZM DE MONCLOVA-FRONTERA,PUBLICO,2017,2229
ZM DE MONCLOVA-FRONTERA,PUBLICO,2018,2759
ZM DE MONCLOVA-FRONTERA,PUBLICO,2019,2733
ZM DE MONCLOVA-FRONTERA,PUBLICO,2020,2428
ZM DE MONCLOVA-FRONTERA,PUBLICO,2021,2606
ZM DE MONCLOVA-FRONTERA,PUBLICO,2022,2773
ZM DE MONCLOVA-FRONTERA,PUBLICO,2023,2606
ZM DE MONCLOVA-FRONTERA,PUBLICO,2024,2298
ZM DE MONTERREY,PRIVADO,2014,15029
ZM DE MONTERREY,PRIVADO,2015,19442
ZM DE MONTERREY,PRIVADO,2016,16946
ZM DE MONTERREY,PRIVADO,2017,16718
ZM DE MONTERREY,PRIVADO,2018,21687
ZM DE MONTERREY,PRIVADO,2019,22391
ZM DE MONTERREY,PRIVADO,2020,19704
ZM DE MONTERREY,PRIVADO,2021,22897
ZM DE MONTERREY,PRIVADO,2022,24358
ZM DE MONTERREY,PRIVADO,2023,24646
ZM DE MONTERREY,PRIVADO,2024,25639
ZM DE MONTERREY,PUBLICO,2014,19998
ZM DE MONTERREY,PUBLICO,2015,21028
ZM DE MONTERREY,PUBLICO,2016,23870
ZM DE MONTERREY,PUBLICO,2017,24827
ZM DE MONTERREY,PUBLICO,2018,27445
ZM DE MONTERREY,PUBLICO,2019,27663
ZM DE MONTERREY,PUBLICO,2020,33496
ZM DE MONTERREY,PUBLICO,2021,27903
ZM DE MONTERREY,PUBLICO,2022,26643
ZM DE MONTERREY,PUBLICO,2023,28274
ZM DE MONTERREY,PUBLICO,2024,29386
ZM DE MORELIA,PRIVADO,2014,3114
ZM DE MORELIA,PRIVADO,2015,3567
ZM DE MORELIA,PRIVADO,2016,3992
ZM DE MORELIA,PRIVADO,2017,4575
ZM DE MORELIA,PRIVADO,2018,5304
ZM DE MORELIA,PRIVADO,2019,4892
ZM DE MORELIA,PRIVADO,2020,5125
ZM DE MORELIA,PRIVADO,2021,5622
ZM DE MORELIA,PRIVADO,2022,6277
ZM DE MORELIA,PRIVADO,2023,5079
ZM DE MORELIA,PRIVADO,2024,5961
ZM DE MORELIA,PUBLICO,2014,12265
ZM DE MORELIA,PUBLICO,2015,13635
ZM DE MORELIA,PUBLICO,2016,13372
ZM DE MORELIA,PUBLICO,2017,14289
ZM DE MORELIA,PUBLICO,2018,13368
ZM DE MORELIA,PUBLICO,2019,13589
ZM DE MORELIA,PUBLICO,2020,14285
ZM DE MORELIA,PUBLICO,2021,14918
ZM DE MORELIA,PUBLICO,2022,15896
ZM DE MORELIA,PUBLICO,2023,15099
ZM DE MORELIA,PUBLICO,2024,14640
ZM DE MOROLEON-URIANGATO,PRIVADO,2014,187
ZM DE MOROLEON-URIANGATO,PRIVADO,2015,286
ZM DE MOROLEON-URIANGATO,PRIVADO,2016,287
ZM DE MOROLEON-URIANGATO,PRIVADO,2017,288
ZM DE MOROLEON-URIANGATO,PRIVADO,2018,481
ZM DE MOROLEON-URIANGATO,PRIVADO,2019,458
ZM DE MOROLEON-URIANGATO,PRIVADO,2020,507
ZM DE MOROLEON-URIANGATO,PRIVADO,2021,369
ZM DE MOROLEON-URIANGATO,PRIVADO,2022,550
ZM DE MOROLEON-URIANGATO,PRIVADO,2023,502
ZM DE MOROLEON-URIANGATO,PRIVADO,2024,528
ZM DE MOROLEON-URIANGATO,PUBLICO,2014,314
ZM DE MOROLEON-URIANGATO,PUBLICO,2015,376
ZM DE MOROLEON-URIANGATO,PUBLICO,2016,508
ZM DE MOROLEON-URIANGATO,PUBLICO,2017,467
ZM DE MOROLEON-URIANGATO,PUBLICO,2018,419
ZM DE MOROLEON-URIANGATO,PUBLICO,2019,453
ZM DE MOROLEON-URIANGATO,PUBLICO,2020,507
ZM DE MOROLEON-URIANGATO,PUBLICO,2021,371
ZM DE MOROLEON-URIANGATO,PUBLICO,2022,396
ZM DE MOROLEON-URIANGATO,PUBLICO,2023,364
ZM DE MOROLEON-URIANGATO,PUBLICO,2024,323
ZM DE NOGALES,PRIVADO,2014,300
ZM DE NOGALES,PRIVADO,2015,599
ZM DE NOGALES,PRIVADO,2016,544
ZM DE NOGALES,PRIVADO,2017,387
ZM DE NOGALES,PRIVADO,2018,495
ZM DE NOGALES,PRIVADO,2019,587
ZM DE NOGALES,PRIVADO,2020,397
ZM DE NOGALES,PRIVADO,2021,777
ZM DE NOGALES,PRIVADO,2022,1035
ZM DE NOGALES,PRIVADO,2023,848
ZM DE NOGALES,PRIVADO,2024,1098
ZM DE NOGALES,PUBLICO,2014,1818
ZM DE NOGALES,PUBLICO,2015,1969
ZM DE NOGALES,PUBLICO,2016,2071
ZM DE NOGALES,PUBLICO,2017,2092
ZM DE NOGALES,PUBLICO,2018,2151
ZM DE NOGALES,PUBLICO,2019,2690
ZM DE NOGALES,PUBLICO,2020,2029
ZM DE NOGALES,PUBLICO,2021,1716
ZM DE NOGALES,PUBLICO,2022,1864
ZM DE NOGALES,PUBLICO,2023,2216
ZM DE NOGALES,PUBLICO,2024,2046
ZM DE NUEVO LAREDO,PRIVADO,2014,435
ZM DE NUEVO LAREDO,PRIVADO,2015,615
ZM DE NUEVO LAREDO,PRIVADO,2016,746
ZM DE NUEVO LAREDO,PRIVADO,2017,741
ZM DE NUEVO LAREDO,PRIVADO,2018,844
ZM DE NUEVO LAREDO,PRIVADO,2019,1113
ZM DE NUEVO LAREDO,PRIVADO,2020,726
ZM DE NUEVO LAREDO,PRIVADO,2021,1150
ZM DE NUEVO LAREDO,PRIVADO,2022,1353
ZM DE NUEVO LAREDO,PRIVADO,2023,1129
ZM DE NUEVO LAREDO,PRIVADO,2024,1349
ZM DE NUEVO LAREDO,PUBLICO,2014,2572
ZM DE NUEVO LAREDO,PUBLICO,2015,2524
ZM DE NUEVO LAREDO,PUBLICO,2016,2505
ZM DE NUEVO LAREDO,PUBLICO,2017,2539
ZM DE NUEVO LAREDO,PUBLICO,2018,2722
ZM DE NUEVO LAREDO,PUBLICO,2019,2938
ZM DE NUEVO LAREDO,PUBLICO,2020,2418
ZM DE NUEVO LAREDO,PUBLICO,2021,2381
ZM DE NUEVO LAREDO,PUBLICO,2022,2396
ZM DE NUEVO LAREDO,PUBLICO,2023,2935
ZM DE NUEVO LAREDO,PUBLICO,2024,3200
ZM DE OAXACA,PRIVADO,2014,3495
ZM DE OAXACA,PRIVADO,2015,3230
ZM DE OAXACA,PRIVADO,2016,3137
ZM DE OAXACA,PRIVADO,2017,3069
ZM DE OAXACA,PRIVADO,2018,3725
ZM DE OAXACA,PRIVADO,2019,3981
ZM DE OAXACA,PRIVADO,2020,3487
ZM DE OAXACA,PRIVADO,2021,4176
ZM DE OAXACA,PRIVADO,2022,4918
ZM DE OAXACA,PRIVADO,2023,4545
ZM DE OAXACA,PRIVADO,2024,5786
ZM DE OAXACA,PUBLICO,2014,7248
ZM DE OAXACA,PUBLICO,2015,7462
ZM DE OAXACA,PUBLICO,2016,6833
ZM DE OAXACA,PUBLICO,2017,6621
ZM DE OAXACA,PUBLICO,2018,6103
ZM DE OAXACA,PUBLICO,2019,6816
ZM DE OAXACA,PUBLICO,2020,6406
ZM DE OAXACA,PUBLICO,2021,6890
ZM DE OAXACA,PUBLICO,2022,6433
ZM DE OAXACA,PUBLICO,2023,7088
ZM DE OAXACA,PUBLICO,2024,7639
ZM DE OCOTLAN,PRIVADO,2014,100
ZM DE OCOTLAN,PRIVADO,2015,98
ZM DE OCOTLAN,PRIVADO,2016,80
ZM DE OCOTLAN,PRIVADO,2017,77
ZM DE OCOTLAN,PRIVADO,2018,179
ZM DE OCOTLAN,PRIVADO,2019,172
ZM DE OCOTLAN,PRIVADO,2020,190
ZM DE OCOTLAN,PRIVADO,2021,167
ZM DE OCOTLAN,PRIVADO,2022,318
ZM DE OCOTLAN,PRIVADO,2023,266
ZM DE OCOTLAN,PRIVADO,2024,381
ZM DE OCOTLAN,PUBLICO,2014,1030
ZM DE OCOTLAN,PUBLICO,2015,1004
ZM DE OCOTLAN,PUBLICO,2016,977
ZM DE OCOTLAN,PUBLICO,2017,1081
ZM DE OCOTLAN,PUBLICO,2018,1043
ZM DE OCOTLAN,PUBLICO,2019,1015
ZM DE OCOTLAN,PUBLICO,2020,1049
ZM DE OCOTLAN,PUBLICO,2021,996
ZM DE OCOTLAN,PUBLICO,2022,939
ZM DE OCOTLAN,PUBLICO,2023,894
ZM DE OCOTLAN,PUBLICO,2024,932
ZM DE ORIZABA,PRIVADO,2014,1028
ZM DE ORIZABA,PRIVADO,2015,1192
ZM DE ORIZABA,PRIVADO,2016,1250
ZM DE ORIZABA,PRIVADO,2017,1460
ZM DE ORIZABA,PRIVADO,2018,1761
ZM DE ORIZABA,PRIVADO,2019,1800
ZM DE ORIZABA,PRIVADO,2020,1589
ZM DE ORIZABA,PRIVADO,2021,1500
ZM DE ORIZABA,PRIVADO,2022,1782
ZM DE ORIZABA,PRIVADO,2023,1721
ZM DE ORIZABA,PRIVADO,2024,1968
ZM DE ORIZABA,PUBLICO,2014,3201
ZM DE ORIZABA,PUBLICO,2015,3114
ZM DE ORIZABA,PUBLICO,2016,3338
ZM DE ORIZABA,PUBLICO,2017,3253
ZM DE ORIZABA,PUBLICO,2018,3520
ZM DE ORIZABA,PUBLICO,2019,3663
ZM DE ORIZABA,PUBLICO,2020,3322
ZM DE ORIZABA,PUBLICO,2021,3144
ZM DE ORIZABA,PUBLICO,2022,3260
ZM DE ORIZABA,PUBLICO,2023,3533
ZM DE ORIZABA,PUBLICO,2024,3403
ZM DE PACHUCA,PRIVADO,2014,3612
ZM DE PACHUCA,PRIVADO,2015,3534
ZM DE PACHUCA,PRIVADO,2016,4269
ZM DE PACHUCA,PRIVADO,2017,4419
ZM DE PACHUCA,PRIVADO,2018,4803
ZM DE PACHUCA,PRIVADO,2019,4070
ZM DE PACHUCA,PRIVADO,2020,3234
ZM DE PACHUCA,PRIVADO,2021,3948
ZM DE PACHUCA,PRIVADO,2022,4202
ZM DE PACHUCA,PRIVADO,2023,4599
ZM DE PACHUCA,PRIVADO,2024,4225
ZM DE PACHUCA,PUBLICO,2014,5375
ZM DE PACHUCA,PUBLICO,2015,5560
ZM DE PACHUCA,PUBLICO,2016,6124
ZM DE PACHUCA,PUBLICO,2017,6285
ZM DE PACHUCA,PUBLICO,2018,6892
ZM DE PACHUCA,PUBLICO,2019,7353
ZM DE PACHUCA,PUBLICO,2020,7147
ZM DE PACHUCA,PUBLICO,2021,6902
ZM DE PACHUCA,PUBLICO,2022,6342
ZM DE PACHUCA,PUBLICO,2023,6496
ZM DE PACHUCA,PUBLICO,2024,5997
ZM DE PIEDRAS NEGRAS,PRIVADO,2014,693
ZM DE PIEDRAS NEGRAS,PRIVADO,2015,612
ZM DE PIEDRAS NEGRAS,PRIVADO,2016,735
ZM DE PIEDRAS NEGRAS,PRIVADO,2017,728
ZM DE PIEDRAS NEGRAS,PRIVADO,2018,888
ZM DE PIEDRAS NEGRAS,PRIVADO,2019,959
ZM DE PIEDRAS NEGRAS,PRIVADO,2020,1087
ZM DE PIEDRAS NEGRAS,PRIVADO,2021,1220
ZM DE PIEDRAS NEGRAS,PRIVADO,2022,1315
ZM DE PIEDRAS NEGRAS,PRIVADO,2023,1152
ZM DE PIEDRAS NEGRAS,PRIVADO,2024,1028
ZM DE PIEDRAS NEGRAS,PUBLICO,2014,1316
ZM DE PIEDRAS NEGRAS,PUBLICO,2015,1345
ZM DE PIEDRAS NEGRAS,PUBLICO,2016,1564
ZM DE PIEDRAS NEGRAS,PUBLICO,2017,1501
ZM DE PIEDRAS NEGRAS,PUBLICO,2018,1613
ZM DE PIEDRAS NEGRAS,PUBLICO,2019,1792
ZM DE PIEDRAS NEGRAS,PUBLICO,2020,1827
ZM DE PIEDRAS NEGRAS,PUBLICO,2021,1472
ZM DE PIEDRAS NEGRAS,PUBLICO,2022,1304
ZM DE PIEDRAS NEGRAS,PUBLICO,2023,1448
ZM DE PIEDRAS NEGRAS,PUBLICO,2024,1492
ZM DE POZA RICA,PRIVADO,2014,1346
ZM DE POZA RICA,PRIVADO,2015,1260
ZM DE POZA RICA,PRIVADO,2016,1243
ZM DE POZA RICA,PRIVADO,2017,1330
ZM DE POZA RICA,PRIVADO,2018,1580
ZM DE POZA RICA,PRIVADO,2019,1482
ZM DE POZA RICA,PRIVADO,2020,1107
ZM DE POZA RICA,PRIVADO,2021,1196
ZM DE POZA RICA,PRIVADO,2022,1559
ZM DE POZA RICA,PRIVADO,2023,1373
ZM DE POZA RICA,PRIVADO,2024,1503
ZM DE POZA RICA,PUBLICO,2014,3109
ZM DE POZA RICA,PUBLICO,2015,3099
ZM DE POZA RICA,PUBLICO,2016,3133
ZM DE POZA RICA,PUBLICO,2017,2842
ZM DE POZA RICA,PUBLICO,2018,2991
ZM DE POZA RICA,PUBLICO,2019,3220
ZM DE POZA RICA,PUBLICO,2020,2936
ZM DE POZA RICA,PUBLICO,2021,2630
ZM DE POZA RICA,PUBLICO,2022,2789
ZM DE POZA RICA,PUBLICO,2023,2739
ZM DE POZA RICA,PUBLICO,2024,2723
ZM DE PUEBLA-TLAXCALA,PRIVADO,2014,25150
ZM DE PUEBLA-TLAXCALA,PRIVADO,2015,27158
ZM DE PUEBLA-TLAXCALA,PRIVADO,2016,27133
ZM DE PUEBLA-TLAXCALA,PRIVADO,2017,31367
ZM DE PUEBLA-TLAXCALA,PRIVADO,2018,34757
ZM DE PUEBLA-TLAXCALA,PRIVADO,2019,34764
ZM DE PUEBLA-TLAXCALA,PRIVADO,2020,24780
ZM DE PUEBLA-TLAXCALA,PRIVADO,2021,34375
ZM DE PUEBLA-TLAXCALA,PRIVADO,2022,35735
ZM DE PUEBLA-TLAXCALA,PRIVADO,2023,30470
ZM DE PUEBLA-TLAXCALA,PRIVADO,2024,32843
ZM DE PUEBLA-TLAXCALA,PUBLICO,2014,23007
ZM DE PUEBLA-TLAXCALA,PUBLICO,2015,24630
ZM DE PUEBLA-TLAXCALA,PUBLICO,2016,24695
ZM DE PUEBLA-TLAXCALA,PUBLICO,2017,26940
ZM DE PUEBLA-TLAXCALA,PUBLICO,2018,28110
ZM DE PUEBLA-TLAXCALA,PUBLICO,2019,29505
ZM DE PUEBLA-TLAXCALA,PUBLICO,2020,30344
ZM DE PUEBLA-TLAXCALA,PUBLICO,2021,30900
ZM DE PUEBLA-TLAXCALA,PUBLICO,2022,30282
ZM DE PUEBLA-TLAXCALA,PUBLICO,2023,30810
ZM DE PUEBLA-TLAXCALA,PUBLICO,2024,31057
ZM DE PUERTO VALLARTA,PRIVADO,2014,636
ZM DE PUERTO VALLARTA,PRIVADO,2015,751
ZM DE PUERTO VALLARTA,PRIVADO,2016,959
ZM DE PUERTO VALLARTA,PRIVADO,2017,1266
ZM DE PUERTO VALLARTA,PRIVADO,2018,1582
ZM DE PUERTO VALLARTA,PRIVADO,2019,1519
ZM DE PUERTO VALLARTA,PRIVADO,2020,1111
ZM DE PUERTO VALLARTA,PRIVADO,2021,1648
ZM DE PUERTO VALLARTA,PRIVADO,2022,1923
ZM DE PUERTO VALLARTA,PRIVADO,2023,1585
ZM DE PUERTO VALLARTA,PRIVADO,2024,1734
ZM DE PUERTO VALLARTA,PUBLICO,2014,2225
ZM DE PUERTO VALLARTA,PUBLICO,2015,2212
ZM DE PUERTO VALLARTA,PUBLICO,2016,2200
ZM DE PUERTO VALLARTA,PUBLICO,2017,2204
ZM DE PUERTO VALLARTA,PUBLICO,2018,2212
ZM DE PUERTO VALLARTA,PUBLICO,2019,2417
ZM DE PUERTO VALLARTA,PUBLICO,2020,2047
ZM DE PUERTO VALLARTA,PUBLICO,2021,1938
ZM DE PUERTO VALLARTA,PUBLICO,2022,2178
ZM DE PUERTO VALLARTA,PUBLICO,2023,2189
ZM DE PUERTO VALLARTA,PUBLICO,2024,2354
ZM DE QUERETARO,PRIVADO,2014,6134
ZM DE QUERETARO,PRIVADO,2015,7928
ZM DE QUERETARO,PRIVADO,2016,6935
ZM DE QUERETARO,PRIVADO,2017,7398
ZM DE QUERETARO,PRIVADO,2018,9057
ZM DE QUERETARO,PRIVADO,2019,11044
ZM DE QUERETARO,PRIVADO,2020,9194
ZM DE QUERETARO,PRIVADO,2021,11174
ZM DE QUERETARO,PRIVADO,2022,11278
ZM DE QUERETARO,PRIVADO,2023,11226
ZM DE QUERETARO,PRIVADO,2024,10989
ZM DE QUERETARO,PUBLICO,2014,6711
ZM DE QUERETARO,PUBLICO,2015,6681
ZM DE QUERETARO,PUBLICO,2016,6661
ZM DE QUERETARO,PUBLICO,2017,7016
ZM DE QUERETARO,PUBLICO,2018,6836
ZM DE QUERETARO,PUBLICO,2019,7565
ZM DE QUERETARO,PUBLICO,2020,8078
ZM DE QUERETARO,PUBLICO,2021,7467
ZM DE QUERETARO,PUBLICO,2022,7099
ZM DE QUERETARO,PUBLICO,2023,6923
ZM DE QUERETARO,PUBLICO,2024,7145
ZM DE REYNOSA,PRIVADO,2014,2624
ZM DE REYNOSA,PRIVADO,2015,2890
ZM DE REYNOSA,PRIVADO,2016,3189
ZM DE REYNOSA,PRIVADO,2017,4051
ZM DE REYNOSA,PRIVADO,2018,5189
ZM DE REYNOSA,PRIVADO,2019,6568
ZM DE REYNOSA,PRIVADO,2020,5505
ZM DE REYNOSA,PRIVADO,2021,6878
ZM DE REYNOSA,PRIVADO,2022,7246
ZM DE REYNOSA,PRIVADO,2023,7089
ZM DE REYNOSA,PRIVADO,2024,7343
ZM DE REYNOSA,PUBLICO,2014,2778
ZM DE REYNOSA,PUBLICO,2015,3191
ZM DE REYNOSA,PUBLICO,2016,3116
ZM DE REYNOSA,PUBLICO,2017,3098
ZM DE REYNOSA,PUBLICO,2018,3290
ZM DE REYNOSA,PUBLICO,2019,3403
ZM DE REYNOSA,PUBLICO,2020,2869
ZM DE REYNOSA,PUBLICO,2021,3476
ZM DE REYNOSA,PUBLICO,2022,3355
ZM DE REYNOSA,PUBLICO,2023,3694
ZM DE REYNOSA,PUBLICO,2024,3997
ZM DE RIOVERDE,PRIVADO,2014,325
ZM DE RIOVERDE,PRIVADO,2015,313
ZM DE RIOVERDE,PRIVADO,2016,314
ZM DE RIOVERDE,PRIVADO,2017,322
ZM DE RIOVERDE,PRIVADO,2018,350
ZM DE RIOVERDE,PRIVADO,2019,324
ZM DE RIOVERDE,PRIVADO,2020,350
ZM DE RIOVERDE,PRIVADO,2021,295
ZM DE RIOVERDE,PRIVADO,2022,342
ZM DE RIOVERDE,PRIVADO,2023,299
ZM DE RIOVERDE,PRIVADO,2024,270
ZM DE RIOVERDE,PUBLICO,2014,709
ZM DE RIOVERDE,PUBLICO,2015,719
ZM DE RIOVERDE,PUBLICO,2016,789
ZM DE RIOVERDE,PUBLICO,2017,862
ZM DE RIOVERDE,PUBLICO,2018,776
ZM DE RIOVERDE,PUBLICO,2019,861
ZM DE RIOVERDE,PUBLICO,2020,759
ZM DE RIOVERDE,PUBLICO,2021,623
ZM DE RIOVERDE,PUBLICO,2022,644
ZM DE RIOVERDE,PUBLICO,2023,694
ZM DE RIOVERDE,PUBLICO,2024,730
ZM DE SALTILLO,PRIVADO,2014,3928
ZM DE SALTILLO,PRIVADO,2015,4215
ZM DE SALTILLO,PRIVADO,2016,5638
ZM DE SALTILLO,PRIVADO,2017,5539
ZM DE SALTILLO,PRIVADO,2018,7385
ZM DE SALTILLO,PRIVADO,2019,8304
ZM DE SALTILLO,PRIVADO,2020,6858
ZM DE SALTILLO,PRIVADO,2021,10169
ZM DE SALTILLO,PRIVADO,2022,8466
ZM DE SALTILLO,PRIVADO,2023,10647
ZM DE SALTILLO,PRIVADO,2024,6429
ZM DE SALTILLO,PUBLICO,2014,4765
ZM DE SALTILLO,PUBLICO,2015,5955
ZM DE SALTILLO,PUBLICO,2016,5969
ZM DE SALTILLO,PUBLICO,2017,5499
ZM DE SALTILLO,PUBLICO,2018,5884
ZM DE SALTILLO,PUBLICO,2019,6837
ZM DE SALTILLO,PUBLICO,2020,6593
ZM DE SALTILLO,PUBLICO,2021,6456
ZM DE SALTILLO,PUBLICO,2022,6328
ZM DE SALTILLO,PUBLICO,2023,6886
ZM DE SALTILLO,PUBLICO,2024,6679
ZM DE SAN FRANCISCO DEL RINCON,PRIVADO,2014,243
ZM DE SAN FRANCISCO DEL RINCON,PRIVADO,2015,197
ZM DE SAN FRANCISCO DEL RINCON,PRIVADO,2016,358
ZM DE SAN FRANCISCO DEL RINCON,PRIVADO,2017,458
ZM DE SAN FRANCISCO DEL RINCON,PRIVADO,2018,513
ZM DE SAN FRANCISCO DEL RINCON,PRIVADO,2019,466
ZM DE SAN FRANCISCO DEL RINCON,PRIVADO,2020,312
ZM DE SAN FRANCISCO DEL RINCON,PRIVADO,2021,1023
ZM DE SAN FRANCISCO DEL RINCON,PRIVADO,2022,1328
ZM DE SAN FRANCISCO DEL RINCON,PRIVADO,2023,1250
ZM DE SAN FRANCISCO DEL RINCON,PRIVADO,2024,1428
ZM DE SAN FRANCISCO DEL RINCON,PUBLICO,2014,921
ZM DE SAN FRANCISCO DEL RINCON,PUBLICO,2015,482
ZM DE SAN FRANCISCO DEL RINCON,PUBLICO,2016,854
ZM DE SAN FRANCISCO DEL RINCON,PUBLICO,2017,1267
ZM DE SAN FRANCISCO DEL RINCON,PUBLICO,2018,1196
ZM DE SAN FRANCISCO DEL RINCON,PUBLICO,2019,2563
ZM DE SAN FRANCISCO DEL RINCON,PUBLICO,2020,2486
ZM DE SAN FRANCISCO DEL RINCON,PUBLICO,2021,2857
ZM DE SAN FRANCISCO DEL RINCON,PUBLICO,2022,2748
ZM DE SAN FRANCISCO DEL RINCON,PUBLICO,2023,2395
ZM DE SAN FRANCISCO DEL RINCON,PUBLICO,2024,2665
ZM DE SAN LUIS POTOSI,PRIVADO,2014,6768
ZM DE SAN LUIS POTOSI,PRIVADO,2015,7822
ZM DE SAN LUIS POTOSI,PRIVADO,2016,7276
ZM DE SAN LUIS POTOSI,PRIVADO,2017,8444
ZM DE SAN LUIS POTOSI,PRIVADO,2018,9951
ZM DE SAN LUIS POTOSI,PRIVADO,2019,9724
ZM DE SAN LUIS POTOSI,PRIVADO,2020,8857
ZM DE SAN LUIS POTOSI,PRIVADO,2021,11931
ZM DE SAN LUIS POTOSI,PRIVADO,2022,7382
ZM DE SAN LUIS POTOSI,PRIVADO,2023,5377
ZM DE SAN LUIS POTOSI,PRIVADO,2024,5929
ZM DE SAN LUIS POTOSI,PUBLICO,2014,9250
ZM DE SAN LUIS POTOSI,PUBLICO,2015,8973
ZM DE SAN LUIS POTOSI,PUBLICO,2016,9545
ZM DE SAN LUIS POTOSI,PUBLICO,2017,9767
ZM DE SAN LUIS POTOSI,PUBLICO,2018,9826
ZM DE SAN LUIS POTOSI,PUBLICO,2019,10830
ZM DE SAN LUIS POTOSI,PUBLICO,2020,9875
ZM DE SAN LUIS POTOSI,PUBLICO,2021,9469
ZM DE SAN LUIS POTOSI,PUBLICO,2022,9456
ZM DE SAN LUIS POTOSI,PUBLICO,2023,9690
ZM DE SAN LUIS POTOSI,PUBLICO,2024,10226
ZM DE TAMPICO,PRIVADO,2014,3847
ZM DE TAMPICO,PRIVADO,2015,3830
ZM DE TAMPICO,PRIVADO,2016,3755
ZM DE TAMPICO,PRIVADO,2017,3835
ZM DE TAMPICO,PRIVADO,2018,4561
ZM DE TAMPICO,PRIVADO,2019,4994
ZM DE TAMPICO,PRIVADO,2020,4756
ZM DE TAMPICO,PRIVADO,2021,5316
ZM DE TAMPICO,PRIVADO,2022,6557
ZM DE TAMPICO,PRIVADO,2023,6816
ZM DE TAMPICO,PRIVADO,2024,8371
ZM DE TAMPICO,PUBLICO,2014,4876
ZM DE TAMPICO,PUBLICO,2015,5467
ZM DE TAMPICO,PUBLICO,2016,5171
ZM DE TAMPICO,PUBLICO,2017,5950
ZM DE TAMPICO,PUBLICO,2018,6532
ZM DE TAMPICO,PUBLICO,2019,7038
ZM DE TAMPICO,PUBLICO,2020,5956
ZM DE TAMPICO,PUBLICO,2021,5920
ZM DE TAMPICO,PUBLICO,2022,5569
ZM DE TAMPICO,PUBLICO,2023,5649
ZM DE TAMPICO,PUBLICO,2024,6271
ZM DE TAPACHULA,PRIVADO,2014,3197
ZM DE TAPACHULA,PRIVADO,2015,3528
ZM DE TAPACHULA,PRIVADO,2016,4320
ZM DE TAPACHULA,PRIVADO,2017,3858
ZM DE TAPACHULA,PRIVADO,2018,3840
ZM DE TAPACHULA,PRIVADO,2019,3761
ZM DE TAPACHULA,PRIVADO,2020,2661
ZM DE TAPACHULA,PRIVADO,2021,4284
ZM DE TAPACHULA,PRIVADO,2022,3112
ZM DE TAPACHULA,PRIVADO,2023,2370
ZM DE TAPACHULA,PRIVADO,2024,2157
ZM DE TAPACHULA,PUBLICO,2014,1919
ZM DE TAPACHULA,PUBLICO,2015,2022
ZM DE TAPACHULA,PUBLICO,2016,2116
ZM DE TAPACHULA,PUBLICO,2017,2327
ZM DE TAPACHULA,PUBLICO,2018,2073
ZM DE TAPACHULA,PUBLICO,2019,2020
ZM DE TAPACHULA,PUBLICO,2020,2142
ZM DE TAPACHULA,PUBLICO,2021,2108
ZM DE TAPACHULA,PUBLICO,2022,2379
ZM DE TAPACHULA,PUBLICO,2023,2341
ZM DE TAPACHULA,PUBLICO,2024,2461
ZM DE TECOMAN,PRIVADO,2014,254
ZM DE TECOMAN,PRIVADO,2015,276
ZM DE TECOMAN,PRIVADO,2016,250
ZM DE TECOMAN,PRIVADO,2017,214
ZM DE TECOMAN,PRIVADO,2018,352
ZM DE TECOMAN,PRIVADO,2019,335
ZM DE TECOMAN,PRIVADO,2020,261
ZM DE TECOMAN,PRIVADO,2021,418
ZM DE TECOMAN,PRIVADO,2022,342
ZM DE TECOMAN,PRIVADO,2023,389
ZM DE TECOMAN,PRIVADO,2024,479
ZM DE TECOMAN,PUBLICO,2014,378
ZM DE TECOMAN,PUBLICO,2015,354
ZM DE TECOMAN,PUBLICO,2016,355
ZM DE TECOMAN,PUBLICO,2017,339
ZM DE TECOMAN,PUBLICO,2018,412
ZM DE TECOMAN,PUBLICO,2019,409
ZM DE TECOMAN,PUBLICO,2020,402
ZM DE TECOMAN,PUBLICO,2021,420
ZM DE TECOMAN,PUBLICO,2022,423
ZM DE TECOMAN,PUBLICO,2023,436
ZM DE TECOMAN,PUBLICO,2024,416
ZM DE TEHUACAN,PRIVADO,2014,2086
ZM DE TEHUACAN,PRIVADO,2015,2319
ZM DE TEHUACAN,PRIVADO,2016,2144
ZM DE TEHUACAN,PRIVADO,2017,2718
ZM DE TEHUACAN,PRIVADO,2018,3037
ZM DE TEHUACAN,PRIVADO,2019,2847
ZM DE TEHUACAN,PRIVADO,2020,1891
ZM DE TEHUACAN,PRIVADO,2021,2294
ZM DE TEHUACAN,PRIVADO,2022,2614
ZM DE TEHUACAN,PRIVADO,2023,2409
ZM DE TEHUACAN,PRIVADO,2024,2079
ZM DE TEHUACAN,PUBLICO,2014,2350
ZM DE TEHUACAN,PUBLICO,2015,2400
ZM DE TEHUACAN,PUBLICO,2016,2559
ZM DE TEHUACAN,PUBLICO,2017,2837
ZM DE TEHUACAN,PUBLICO,2018,3112
ZM DE TEHUACAN,PUBLICO,2019,3174
ZM DE TEHUACAN,PUBLICO,2020,3167
ZM DE TEHUACAN,PUBLICO,2021,3423
ZM DE TEHUACAN,PUBLICO,2022,3519
ZM DE TEHUACAN,PUBLICO,2023,3715
ZM DE TEHUACAN,PUBLICO,2024,3784
ZM DE TEHUANTEPEC,PRIVADO,2014,141
ZM DE TEHUANTEPEC,PRIVADO,2015,186
ZM DE TEHUANTEPEC,PRIVADO,2016,390
ZM DE TEHUANTEPEC,PRIVADO,2017,320
ZM DE TEHUANTEPEC,PRIVADO,2018,729
ZM DE TEHUANTEPEC,PRIVADO,2019,686
ZM DE TEHUANTEPEC,PRIVADO,2020,475
ZM DE TEHUANTEPEC,PRIVADO,2021,669
ZM DE TEHUANTEPEC,PRIVADO,2022,916
ZM DE TEHUANTEPEC,PRIVADO,2023,590
ZM DE TEHUANTEPEC,PRIVADO,2024,629
ZM DE TEHUANTEPEC,PUBLICO,2014,601
ZM DE TEHUANTEPEC,PUBLICO,2015,587
ZM DE TEHUANTEPEC,PUBLICO,2016,519
ZM DE TEHUANTEPEC,PUBLICO,2017,634
ZM DE TEHUANTEPEC,PUBLICO,2018,643
ZM DE TEHUANTEPEC,PUBLICO,2019,621
ZM DE TEHUANTEPEC,PUBLICO,2020,605
ZM DE TEHUANTEPEC,PUBLICO,2021,530
ZM DE TEHUANTEPEC,PUBLICO,2022,583
ZM DE TEHUANTEPEC,PUBLICO,2023,608
ZM DE TEHUANTEPEC,PUBLICO,2024,862
ZM DE TEPIC,PRIVADO,2014,3382
ZM DE TEPIC,PRIVADO,2015,3759
ZM DE TEPIC,PRIVADO,2016,4242
ZM DE TEPIC,PRIVADO,2017,4605
ZM DE TEPIC,PRIVADO,2018,4934
ZM DE TEPIC,PRIVADO,2019,5408
ZM DE TEPIC,PRIVADO,2020,4311
ZM DE TEPIC,PRIVADO,2021,5361
ZM DE TEPIC,PRIVADO,2022,5641
ZM DE TEPIC,PRIVADO,2023,4828
ZM DE TEPIC,PRIVADO,2024,4546
ZM DE TEPIC,PUBLICO,2014,6359
ZM DE TEPIC,PUBLICO,2015,5628
ZM DE TEPIC,PUBLICO,2016,6122
ZM DE TEPIC,PUBLICO,2017,6394
ZM DE TEPIC,PUBLICO,2018,5957
ZM DE TEPIC,PUBLICO,2019,6326
ZM DE TEPIC,PUBLICO,2020,5412
ZM DE TEPIC,PUBLICO,2021,6490
ZM DE TEPIC,PUBLICO,2022,6737
ZM DE TEPIC,PUBLICO,2023,6157
ZM DE TEPIC,PUBLICO,2024,6698
ZM DE TEZIUTLAN,PRIVADO,2014,787
ZM DE TEZIUTLAN,PRIVADO,2015,929
ZM DE TEZIUTLAN,PRIVADO,2016,987
ZM DE TEZIUTLAN,PRIVADO,2017,1179
ZM DE TEZIUTLAN,PRIVADO,2018,1361
ZM DE TEZIUTLAN,PRIVADO,2019,1571
ZM DE TEZIUTLAN,PRIVADO,2020,1278
ZM DE TEZIUTLAN,PRIVADO,2021,1733
ZM DE TEZIUTLAN,PRIVADO,2022,2254
ZM DE TEZIUTLAN,PRIVADO,2023,2358
ZM DE TEZIUTLAN,PRIVADO,2024,2008
ZM DE TEZIUTLAN,PUBLICO,2014,1406
ZM DE TEZIUTLAN,PUBLICO,2015,1353
ZM DE TEZIUTLAN,PUBLICO,2016,1479
ZM DE TEZIUTLAN,PUBLICO,2017,1498
ZM DE TEZIUTLAN,PUBLICO,2018,1552
ZM DE TEZIUTLAN,PUBLICO,2019,2065
ZM DE TEZIUTLAN,PUBLICO,2020,2085
ZM DE TEZIUTLAN,PUBLICO,2021,1854
ZM DE TEZIUTLAN,PUBLICO,2022,2371
ZM DE TEZIUTLAN,PUBLICO,2023,2212
ZM DE TEZIUTLAN,PUBLICO,2024,2014
ZM DE TIANGUISTENCO,PRIVADO,2014,260
ZM DE TIANGUISTENCO,PRIVADO,2015,394
ZM DE TIANGUISTENCO,PRIVADO,2016,399
ZM DE TIANGUISTENCO,PRIVADO,2017,576
ZM DE TIANGUISTENCO,PRIVADO,2018,637
ZM DE TIANGUISTENCO,PRIVADO,2019,522
ZM DE TIANGUISTENCO,PRIVADO,2020,434
ZM DE TIANGUISTENCO,PRIVADO,2021,633
ZM DE TIANGUISTENCO,PRIVADO,2022,1068
ZM DE TIANGUISTENCO,PRIVADO,2023,961
ZM DE TIANGUISTENCO,PRIVADO,2024,1058
ZM DE TIANGUISTENCO,PUBLICO,2014,854
ZM DE TIANGUISTENCO,PUBLICO,2015,1102
ZM DE TIANGUISTENCO,PUBLICO,2016,1116
ZM DE TIANGUISTENCO,PUBLICO,2017,1276
ZM DE TIANGUISTENCO,PUBLICO,2018,1535
ZM DE TIANGUISTENCO,PUBLICO,2019,1548
ZM DE TIANGUISTENCO,PUBLICO,2020,1258
ZM DE TIANGUISTENCO,PUBLICO,2021,1574
ZM DE TIANGUISTENCO,PUBLICO,2022,1782
ZM DE TIANGUISTENCO,PUBLICO,2023,1784
ZM DE TIANGUISTENCO,PUBLICO,2024,1581
ZM DE TIJUANA,PRIVADO,2014,4384
ZM DE TIJUANA,PRIVADO,2015,5824
ZM DE TIJUANA,PRIVADO,2016,6598
ZM DE TIJUANA,PRIVADO,2017,7235
ZM DE TIJUANA,PRIVADO,2018,9112
ZM DE TIJUANA,PRIVADO,2019,11882
ZM DE TIJUANA,PRIVADO,2020,8664
ZM DE TIJUANA,PRIVADO,2021,10709
ZM DE TIJUANA,PRIVADO,2022,10264
ZM DE TIJUANA,PRIVADO,2023,8265
ZM DE TIJUANA,PRIVADO,2024,9310
ZM DE TIJUANA,PUBLICO,2014,7041
ZM DE TIJUANA,PUBLICO,2015,7601
ZM DE TIJUANA,PUBLICO,2016,7120
ZM DE TIJUANA,PUBLICO,2017,8020
ZM DE TIJUANA,PUBLICO,2018,7740
ZM DE TIJUANA,PUBLICO,2019,8409
ZM DE TIJUANA,PUBLICO,2020,8344
ZM DE TIJUANA,PUBLICO,2021,8824
ZM DE TIJUANA,PUBLICO,2022,8562
ZM DE TIJUANA,PUBLICO,2023,8930
ZM DE TIJUANA,PUBLICO,2024,9709
ZM DE TLAXCALA-APIZACO,PRIVADO,2014,1212
ZM DE TLAXCALA-APIZACO,PRIVADO,2015,1145
ZM DE TLAXCALA-APIZACO,PRIVADO,2016,1211
ZM DE TLAXCALA-APIZACO,PRIVADO,2017,1262
ZM DE TLAXCALA-APIZACO,PRIVADO,2018,1317
ZM DE TLAXCALA-APIZACO,PRIVADO,2019,1415
ZM DE TLAXCALA-APIZACO,PRIVADO,2020,1126
ZM DE TLAXCALA-APIZACO,PRIVADO,2021,1202
ZM DE TLAXCALA-APIZACO,PRIVADO,2022,1606
ZM DE TLAXCALA-APIZACO,PRIVADO,2023,1537
ZM DE TLAXCALA-APIZACO,PRIVADO,2024,1335
ZM DE TLAXCALA-APIZACO,PUBLICO,2014,3696
ZM DE TLAXCALA-APIZACO,PUBLICO,2015,4428
ZM DE TLAXCALA-APIZACO,PUBLICO,2016,4181
ZM DE TLAXCALA-APIZACO,PUBLICO,2017,4234
ZM DE TLAXCALA-APIZACO,PUBLICO,2018,4065
ZM DE TLAXCALA-APIZACO,PUBLICO,2019,4663
ZM DE TLAXCALA-APIZACO,PUBLICO,2020,4133
ZM DE TLAXCALA-APIZACO,PUBLICO,2021,4423
ZM DE TLAXCALA-APIZACO,PUBLICO,2022,4631
ZM DE TLAXCALA-APIZACO,PUBLICO,2023,4395
ZM DE TLAXCALA-APIZACO,PUBLICO,2024,4274
ZM DE TOLUCA,PRIVADO,2014,12536
ZM DE TOLUCA,PRIVADO,2015,13266
ZM DE TOLUCA,PRIVADO,2016,14474
ZM DE TOLUCA,PRIVADO,2017,14594
ZM DE TOLUCA,PRIVADO,2018,14492
ZM DE TOLUCA,PRIVADO,2019,15265
ZM DE TOLUCA,PRIVADO,2020,11810
ZM DE TOLUCA,PRIVADO,2021,12753
ZM DE TOLUCA,PRIVADO,2022,16545
ZM DE TOLUCA,PRIVADO,2023,16788
ZM DE TOLUCA,PRIVADO,2024,14974
ZM DE TOLUCA,PUBLICO,2014,13831
ZM DE TOLUCA,PUBLICO,2015,14136
ZM DE TOLUCA,PUBLICO,2016,13889
ZM DE TOLUCA,PUBLICO,2017,13086
ZM DE TOLUCA,PUBLICO,2018,14541
ZM DE TOLUCA,PUBLICO,2019,15882
ZM DE TOLUCA,PUBLICO,2020,15233
ZM DE TOLUCA,PUBLICO,2021,15240
ZM DE TOLUCA,PUBLICO,2022,15428
ZM DE TOLUCA,PUBLICO,2023,16147
ZM DE TOLUCA,PUBLICO,2024,16824
ZM DE TULA,PRIVADO,2014,321
ZM DE TULA,PRIVADO,2015,372
ZM DE TULA,PRIVADO,2016,475
ZM DE TULA,PRIVADO,2017,527
ZM DE TULA,PRIVADO,2018,632
ZM DE TULA,PRIVADO,2019,544
ZM DE TULA,PRIVADO,2020,375
ZM DE TULA,PRIVADO,2021,365
ZM DE TULA,PRIVADO,2022,506
ZM DE TULA,PRIVADO,2023,407
ZM DE TULA,PRIVADO,2024,418
ZM DE TULA,PUBLICO,2014,1939
ZM DE TULA,PUBLICO,2015,2149
ZM DE TULA,PUBLICO,2016,1869
ZM DE TULA,PUBLICO,2017,2274
ZM DE TULA,PUBLICO,2018,2325
ZM DE TULA,PUBLICO,2019,2479
ZM DE TULA,PUBLICO,2020,2558
ZM DE TULA,PUBLICO,2021,2529
ZM DE TULA,PUBLICO,2022,2513
ZM DE TULA,PUBLICO,2023,2676
ZM DE TULA,PUBLICO,2024,2779
ZM DE TULANCINGO,PRIVADO,2014,671
ZM DE TULANCINGO,PRIVADO,2015,593
ZM DE TULANCINGO,PRIVADO,2016,975
ZM DE TULANCINGO,PRIVADO,2017,810
ZM DE TULANCINGO,PRIVADO,2018,743
ZM DE TULANCINGO,PRIVADO,2019,624
ZM DE TULANCINGO,PRIVADO,2020,484
ZM DE TULANCINGO,PRIVADO,2021,866
ZM DE TULANCINGO,PRIVADO,2022,770
ZM DE TULANCINGO,PRIVADO,2023,893
ZM DE TULANCINGO,PRIVADO,2024,1323
ZM DE TULANCINGO,PUBLICO,2014,1966
ZM DE TULANCINGO,PUBLICO,2015,2239
ZM DE TULANCINGO,PUBLICO,2016,2182
ZM DE TULANCINGO,PUBLICO,2017,2353
ZM DE TULANCINGO,PUBLICO,2018,2615
ZM DE TULANCINGO,PUBLICO,2019,2656
ZM DE TULANCINGO,PUBLICO,2020,2507
ZM DE TULANCINGO,PUBLICO,2021,2668
ZM DE TULANCINGO,PUBLICO,2022,2506
ZM DE TULANCINGO,PUBLICO,2023,2422
ZM DE TULANCINGO,PUBLICO,2024,2498
ZM DE TUXTLA GUTIERREZ,PRIVADO,2014,8346
ZM DE TUXTLA GUTIERREZ,PRIVADO,2015,9634
ZM DE TUXTLA GUTIERREZ,PRIVADO,2016,8633
ZM DE TUXTLA GUTIERREZ,PRIVADO,2017,10267
ZM DE TUXTLA GUTIERREZ,PRIVADO,2018,11620
ZM DE TUXTLA GUTIERREZ,PRIVADO,2019,8903
ZM DE TUXTLA GUTIERREZ,PRIVADO,2020,6252
ZM DE TUXTLA GUTIERREZ,PRIVADO,2021,9791
ZM DE TUXTLA GUTIERREZ,PRIVADO,2022,7488
ZM DE TUXTLA GUTIERREZ,PRIVADO,2023,7256
ZM DE TUXTLA GUTIERREZ,PRIVADO,2024,5099
ZM DE TUXTLA GUTIERREZ,PUBLICO,2014,5520
ZM DE TUXTLA GUTIERREZ,PUBLICO,2015,6107
ZM DE TUXTLA GUTIERREZ,PUBLICO,2016,5722
ZM DE TUXTLA GUTIERREZ,PUBLICO,2017,6767
ZM DE TUXTLA GUTIERREZ,PUBLICO,2018,6710
ZM DE TUXTLA GUTIERREZ,PUBLICO,2019,7152
ZM DE TUXTLA GUTIERREZ,PUBLICO,2020,7107
ZM DE TUXTLA GUTIERREZ,PUBLICO,2021,6397
ZM DE TUXTLA GUTIERREZ,PUBLICO,2022,6981
ZM DE TUXTLA GUTIERREZ,PUBLICO,2023,6676
ZM DE TUXTLA GUTIERREZ,PUBLICO,2024,6740
ZM DE VALLE DE MEXICO,NULL,2014,12
ZM DE VALLE DE MEXICO,NULL,2015,17
ZM DE VALLE DE MEXICO,NULL,2016,20
ZM DE VALLE DE MEXICO,NULL,2017,20
ZM DE VALLE DE MEXICO,PRIVADO,2014,80010
ZM DE VALLE DE MEXICO,PRIVADO,2015,83887
ZM DE VALLE DE MEXICO,PRIVADO,2016,95137
ZM DE VALLE DE MEXICO,PRIVADO,2017,103486
ZM DE VALLE DE MEXICO,PRIVADO,2018,108435
ZM DE VALLE DE MEXICO,PRIVADO,2019,111818
ZM DE VALLE DE MEXICO,PRIVADO,2020,94093
ZM DE VALLE DE MEXICO,PRIVADO,2021,111326
ZM DE VALLE DE MEXICO,PRIVADO,2022,134998
ZM DE VALLE DE MEXICO,PRIVADO,2023,139284
ZM DE VALLE DE MEXICO,PRIVADO,2024,134985
ZM DE VALLE DE MEXICO,PUBLICO,2014,128387
ZM DE VALLE DE MEXICO,PUBLICO,2015,147788
ZM DE VALLE DE MEXICO,PUBLICO,2016,160063
ZM DE VALLE DE MEXICO,PUBLICO,2017,140300
ZM DE VALLE DE MEXICO,PUBLICO,2018,162288
ZM DE VALLE DE MEXICO,PUBLICO,2019,157445
ZM DE VALLE DE MEXICO,PUBLICO,2020,161143
ZM DE VALLE DE MEXICO,PUBLICO,2021,135250
ZM DE VALLE DE MEXICO,PUBLICO,2022,138280
ZM DE VALLE DE MEXICO,PUBLICO,2023,143979
ZM DE VALLE DE MEXICO,PUBLICO,2024,150080
ZM DE VERACRUZ,PRIVADO,2014,4757
ZM DE VERACRUZ,PRIVADO,2015,5589
ZM DE VERACRUZ,PRIVADO,2016,6039
ZM DE VERACRUZ,PRIVADO,2017,6925
ZM DE VERACRUZ,PRIVADO,2018,8115
ZM DE VERACRUZ,PRIVADO,2019,8222
ZM DE VERACRUZ,PRIVADO,2020,4788
ZM DE VERACRUZ,PRIVADO,2021,6000
ZM DE VERACRUZ,PRIVADO,2022,7540
ZM DE VERACRUZ,PRIVADO,2023,7050
ZM DE VERACRUZ,PRIVADO,2024,6814
ZM DE VERACRUZ,PUBLICO,2014,6633
ZM DE VERACRUZ,PUBLICO,2015,6883
ZM DE VERACRUZ,PUBLICO,2016,6515
ZM DE VERACRUZ,PUBLICO,2017,6386
ZM DE VERACRUZ,PUBLICO,2018,6494
ZM DE VERACRUZ,PUBLICO,2019,6593
ZM DE VERACRUZ,PUBLICO,2020,6547
ZM DE VERACRUZ,PUBLICO,2021,6926
ZM DE VERACRUZ,PUBLICO,2022,6184
ZM DE VERACRUZ,PUBLICO,2023,6377
ZM DE VERACRUZ,PUBLICO,2024,6377
ZM DE VILLAHERMOSA,PRIVADO,2014,3344
ZM DE VILLAHERMOSA,PRIVADO,2015,3496
ZM DE VILLAHERMOSA,PRIVADO,2016,3743
ZM DE VILLAHERMOSA,PRIVADO,2017,3221
ZM DE VILLAHERMOSA,PRIVADO,2018,4173
ZM DE VILLAHERMOSA,PRIVADO,2019,5527
ZM DE VILLAHERMOSA,PRIVADO,2020,6582
ZM DE VILLAHERMOSA,PRIVADO,2021,7587
ZM DE VILLAHERMOSA,PRIVADO,2022,8358
ZM DE VILLAHERMOSA,PRIVADO,2023,8964
ZM DE VILLAHERMOSA,PRIVADO,2024,8457
ZM DE VILLAHERMOSA,PUBLICO,2014,8397
ZM DE VILLAHERMOSA,PUBLICO,2015,8557
ZM DE VILLAHERMOSA,PUBLICO,2016,8050
ZM DE VILLAHERMOSA,PUBLICO,2017,8516
ZM DE VILLAHERMOSA,PUBLICO,2018,9069
ZM DE VILLAHERMOSA,PUBLICO,2019,9791
ZM DE VILLAHERMOSA,PUBLICO,2020,4481
ZM DE VILLAHERMOSA,PUBLICO,2021,7205
ZM DE VILLAHERMOSA,PUBLICO,2022,7636
ZM DE VILLAHERMOSA,PUBLICO,2023,7817
ZM DE VILLAHERMOSA,PUBLICO,2024,8009
ZM DE XALAPA,PRIVADO,2014,5460
ZM DE XALAPA,PRIVADO,2015,4986
ZM DE XALAPA,PRIVADO,2016,4635
ZM DE XALAPA,PRIVADO,2017,5450
ZM DE XALAPA,PRIVADO,2018,6304
ZM DE XALAPA,PRIVADO,2019,6698
ZM DE XALAPA,PRIVADO,2020,5227
ZM DE XALAPA,PRIVADO,2021,5606
ZM DE XALAPA,PRIVADO,2022,6849
ZM DE XALAPA,PRIVADO,2023,6534
ZM DE XALAPA,PRIVADO,2024,6289
ZM DE XALAPA,PUBLICO,2014,21699
ZM DE XALAPA,PUBLICO,2015,16546
ZM DE XALAPA,PUBLICO,2016,17288
ZM DE XALAPA,PUBLICO,2017,15357
ZM DE XALAPA,PUBLICO,2018,13905
ZM DE XALAPA,PUBLICO,2019,15927
ZM DE XALAPA,PUBLICO,2020,16242
ZM DE XALAPA,PUBLICO,2021,17222
ZM DE XALAPA,PUBLICO,2022,17446
ZM DE XALAPA,PUBLICO,2023,19542
ZM DE XALAPA,PUBLICO,2024,21048
ZM DE ZACATECAS-GUADALUPE,PRIVADO,2014,1839
ZM DE ZACATECAS-GUADALUPE,PRIVADO,2015,1589
ZM DE ZACATECAS-GUADALUPE,PRIVADO,2016,1620
ZM DE ZACATECAS-GUADALUPE,PRIVADO,2017,1583
ZM DE ZACATECAS-GUADALUPE,PRIVADO,2018,1609
ZM DE ZACATECAS-GUADALUPE,PRIVADO,2019,2023
ZM DE ZACATECAS-GUADALUPE,PRIVADO,2020,1648
ZM DE ZACATECAS-GUADALUPE,PRIVADO,2021,1864
ZM DE ZACATECAS-GUADALUPE,PRIVADO,2022,2087
ZM DE ZACATECAS-GUADALUPE,PRIVADO,2023,2163
ZM DE ZACATECAS-GUADALUPE,PRIVADO,2024,1843
ZM DE ZACATECAS-GUADALUPE,PUBLICO,2014,7321
ZM DE ZACATECAS-GUADALUPE,PUBLICO,2015,7937
ZM DE ZACATECAS-GUADALUPE,PUBLICO,2016,8115
ZM DE ZACATECAS-GUADALUPE,PUBLICO,2017,8416
ZM DE ZACATECAS-GUADALUPE,PUBLICO,2018,8518
ZM DE ZACATECAS-GUADALUPE,PUBLICO,2019,8844
ZM DE ZACATECAS-GUADALUPE,PUBLICO,2020,8688
ZM DE ZACATECAS-GUADALUPE,PUBLICO,2021,7868
ZM DE ZACATECAS-GUADALUPE,PUBLICO,2022,7965
ZM DE ZACATECAS-GUADALUPE,PUBLICO,2023,7642
ZM DE ZACATECAS-GUADALUPE,PUBLICO,2024,8221
ZM DE ZAMORA,PRIVADO,2014,837
ZM DE ZAMORA,PRIVADO,2015,1377
ZM DE ZAMORA,PRIVADO,2016,1326
ZM DE ZAMORA,PRIVADO,2017,1379
ZM DE ZAMORA,PRIVADO,2018,1241
ZM DE ZAMORA,PRIVADO,2019,1118
ZM DE ZAMORA,PRIVADO,2020,880
ZM DE ZAMORA,PRIVADO,2021,877
ZM DE ZAMORA,PRIVADO,2022,1218
ZM DE ZAMORA,PRIVADO,2023,1097
ZM DE ZAMORA,PRIVADO,2024,853
ZM DE ZAMORA,PUBLICO,2014,862
ZM DE ZAMORA,PUBLICO,2015,950
ZM DE ZAMORA,PUBLICO,2016,877
ZM DE ZAMORA,PUBLICO,2017,913
ZM DE ZAMORA,PUBLICO,2018,1122
ZM DE ZAMORA,PUBLICO,2019,1269
ZM DE ZAMORA,PUBLICO,2020,1109
ZM DE ZAMORA,PUBLICO,2021,1145
ZM DE ZAMORA,PUBLICO,2022,1234
ZM DE ZAMORA,PUBLICO,2023,1351
ZM DE ZAMORA,PUBLICO,2024,988
ZM LA PIEDAD-PENJAMO,PRIVADO,2014,208
ZM LA PIEDAD-PENJAMO,PRIVADO,2015,227
ZM LA PIEDAD-PENJAMO,PRIVADO,2016,381
ZM LA PIEDAD-PENJAMO,PRIVADO,2017,375
ZM LA PIEDAD-PENJAMO,PRIVADO,2018,638
ZM LA PIEDAD-PENJAMO,PRIVADO,2019,587
ZM LA PIEDAD-PENJAMO,PRIVADO,2020,477
ZM LA PIEDAD-PENJAMO,PRIVADO,2021,363
ZM LA PIEDAD-PENJAMO,PRIVADO,2022,730
ZM LA PIEDAD-PENJAMO,PRIVADO,2023,642
ZM LA PIEDAD-PENJAMO,PRIVADO,2024,681
ZM LA PIEDAD-PENJAMO,PUBLICO,2014,840
ZM LA PIEDAD-PENJAMO,PUBLICO,2015,945
ZM LA PIEDAD-PENJAMO,PUBLICO,2016,1124
ZM LA PIEDAD-PENJAMO,PUBLICO,2017,1001
ZM LA PIEDAD-PENJAMO,PUBLICO,2018,1053
ZM LA PIEDAD-PENJAMO,PUBLICO,2019,1119
ZM LA PIEDAD-PENJAMO,PUBLICO,2020,984
ZM LA PIEDAD-PENJAMO,PUBLICO,2021,795
ZM LA PIEDAD-PENJAMO,PUBLICO,2022,738
ZM LA PIEDAD-PENJAMO,PUBLICO,2023,781
ZM LA PIEDAD-PENJAMO,PUBLICO,2024,939
